9sl36wwkry	pos:function-word	redundant/incorrect pos: tag found while auditing pos:function-word — reclassified into a real pos: value
mklavcovyq	pos:function-word	redundant/incorrect pos: tag found while auditing pos:function-word — reclassified into a real pos: value
ifdijt1kj7	pos:function-word	redundant/incorrect pos: tag found while auditing pos:function-word — reclassified into a real pos: value
ke36yx8rke	pos:function-word	redundant/incorrect pos: tag found while auditing pos:function-word — reclassified into a real pos: value
wjbh6m5ek1	pos:function-word	redundant/incorrect pos: tag found while auditing pos:function-word — reclassified into a real pos: value
lslyoa2sdp	pos:function-word	redundant/incorrect pos: tag found while auditing pos:function-word — reclassified into a real pos: value
qxku96zu9e	pos:function-word	redundant/incorrect pos: tag found while auditing pos:function-word — reclassified into a real pos: value
j0cpc9akol	pos:function-word	redundant/incorrect pos: tag found while auditing pos:function-word — reclassified into a real pos: value
63ojew9r4f	pos:function-word	redundant/incorrect pos: tag found while auditing pos:function-word — reclassified into a real pos: value
i5ji4776n8	pos:function-word	redundant/incorrect pos: tag found while auditing pos:function-word — reclassified into a real pos: value
ozvruwn0tu	pos:function-word	redundant/incorrect pos: tag found while auditing pos:function-word — reclassified into a real pos: value
7fi9enfd3m	pos:function-word	redundant/incorrect pos: tag found while auditing pos:function-word — reclassified into a real pos: value
ibkymsd9ln	pos:function-word	redundant/incorrect pos: tag found while auditing pos:function-word — reclassified into a real pos: value
29p1fsasc0	pos:function-word	redundant/incorrect pos: tag found while auditing pos:function-word — reclassified into a real pos: value
yfn0j25sta	pos:function-word	redundant/incorrect pos: tag found while auditing pos:function-word — reclassified into a real pos: value
2x72difo4k	pos:function-word	redundant/incorrect pos: tag found while auditing pos:function-word — reclassified into a real pos: value
b1tz89cfx9	pos:function-word	redundant/incorrect pos: tag found while auditing pos:function-word — reclassified into a real pos: value
y4l2k7yytm	pos:function-word	redundant/incorrect pos: tag found while auditing pos:function-word — reclassified into a real pos: value
ovsfppuo3l	pos:function-word	redundant/incorrect pos: tag found while auditing pos:function-word — reclassified into a real pos: value
1t1daklv4a	pos:function-word	redundant/incorrect pos: tag found while auditing pos:function-word — reclassified into a real pos: value
umr08lge2h	pos:function-word	redundant/incorrect pos: tag found while auditing pos:function-word — reclassified into a real pos: value
1wszj3edq2	pos:function-word	redundant/incorrect pos: tag found while auditing pos:function-word — reclassified into a real pos: value
x3zp11ybbf	pos:function-word	redundant/incorrect pos: tag found while auditing pos:function-word — reclassified into a real pos: value
11uupaj41k	pos:function-word	redundant/incorrect pos: tag found while auditing pos:function-word — reclassified into a real pos: value
zkp7daj58t	pos:function-word	redundant/incorrect pos: tag found while auditing pos:function-word — reclassified into a real pos: value
b6sllrim7m	pos:function-word	redundant/incorrect pos: tag found while auditing pos:function-word — reclassified into a real pos: value
x788022mpy	pos:function-word	redundant/incorrect pos: tag found while auditing pos:function-word — reclassified into a real pos: value
7gl5vz7uo4	pos:function-word	redundant/incorrect pos: tag found while auditing pos:function-word — reclassified into a real pos: value
bu8oynmlvn	pos:function-word	redundant/incorrect pos: tag found while auditing pos:function-word — reclassified into a real pos: value
xs6r1zkgev	pos:function-word	redundant/incorrect pos: tag found while auditing pos:function-word — reclassified into a real pos: value
538wpaef6k	pos:function-word	redundant/incorrect pos: tag found while auditing pos:function-word — reclassified into a real pos: value
a3h0h1dazt	pos:function-word	redundant/incorrect pos: tag found while auditing pos:function-word — reclassified into a real pos: value
19gmw1bjnf	pos:function-word	redundant/incorrect pos: tag found while auditing pos:function-word — reclassified into a real pos: value
aq3ynjbhjm	pos:function-word	redundant/incorrect pos: tag found while auditing pos:function-word — reclassified into a real pos: value
m2m07p7uo1	pos:function-word	redundant/incorrect pos: tag found while auditing pos:function-word — reclassified into a real pos: value
ytve9np7hs	pos:function-word	redundant/incorrect pos: tag found while auditing pos:function-word — reclassified into a real pos: value
s1bonkmflq	pos:function-word	redundant/incorrect pos: tag found while auditing pos:function-word — reclassified into a real pos: value
s08z927piv	pos:function-word	redundant/incorrect pos: tag found while auditing pos:function-word — reclassified into a real pos: value
zravwibucz	pos:function-word	redundant/incorrect pos: tag found while auditing pos:function-word — reclassified into a real pos: value
h3dls06wui	pos:function-word	redundant/incorrect pos: tag found while auditing pos:function-word — reclassified into a real pos: value
2n962u3uuf	pos:function-word	redundant/incorrect pos: tag found while auditing pos:function-word — reclassified into a real pos: value
ltn8hqdpls	pos:function-word	redundant/incorrect pos: tag found while auditing pos:function-word — reclassified into a real pos: value
pokaqu3651	pos:function-word	redundant/incorrect pos: tag found while auditing pos:function-word — reclassified into a real pos: value
fxu8bkwlng	pos:function-word	redundant/incorrect pos: tag found while auditing pos:function-word — reclassified into a real pos: value
6ph12ct0c1	pos:function-word	redundant/incorrect pos: tag found while auditing pos:function-word — reclassified into a real pos: value
4owlerryxw	pos:function-word	redundant/incorrect pos: tag found while auditing pos:function-word — reclassified into a real pos: value
37lvgw6mdi	pos:function-word	redundant/incorrect pos: tag found while auditing pos:function-word — reclassified into a real pos: value
cqps4njuot	pos:function-word	redundant/incorrect pos: tag found while auditing pos:function-word — reclassified into a real pos: value
8jv3otkqa7	pos:function-word	redundant/incorrect pos: tag found while auditing pos:function-word — reclassified into a real pos: value
8xn53vk9eu	pos:function-word	redundant/incorrect pos: tag found while auditing pos:function-word — reclassified into a real pos: value
q7u2j5qnks	pos:function-word	redundant/incorrect pos: tag found while auditing pos:function-word — reclassified into a real pos: value
q9x6f0ze09	pos:function-word	redundant/incorrect pos: tag found while auditing pos:function-word — reclassified into a real pos: value
nlbaeg9xqs	pos:function-word	redundant/incorrect pos: tag found while auditing pos:function-word — reclassified into a real pos: value
cwuhjz9zei	pos:function-word	redundant/incorrect pos: tag found while auditing pos:function-word — reclassified into a real pos: value
65xbrzcund	pos:function-word	redundant/incorrect pos: tag found while auditing pos:function-word — reclassified into a real pos: value
jwh08a61ig	pos:function-word	redundant/incorrect pos: tag found while auditing pos:function-word — reclassified into a real pos: value
t6r7hdgwhb	pos:function-word	redundant/incorrect pos: tag found while auditing pos:function-word — reclassified into a real pos: value
eiiegq2s5o	pos:function-word	redundant/incorrect pos: tag found while auditing pos:function-word — reclassified into a real pos: value
7d1mtpky92	pos:function-word	redundant/incorrect pos: tag found while auditing pos:function-word — reclassified into a real pos: value
71u0miv5rm	pos:function-word	redundant/incorrect pos: tag found while auditing pos:function-word — reclassified into a real pos: value
o25cdyanrl	pos:function-word	redundant/incorrect pos: tag found while auditing pos:function-word — reclassified into a real pos: value
mcumr0ly9e	pos:function-word	redundant/incorrect pos: tag found while auditing pos:function-word — reclassified into a real pos: value
0tty2mfina	pos:function-word	redundant/incorrect pos: tag found while auditing pos:function-word — reclassified into a real pos: value
7hfg12h8br	pos:function-word	redundant/incorrect pos: tag found while auditing pos:function-word — reclassified into a real pos: value
neo7bdruvy	pos:function-word	redundant/incorrect pos: tag found while auditing pos:function-word — reclassified into a real pos: value
ix24rna8om	pos:function-word	redundant/incorrect pos: tag found while auditing pos:function-word — reclassified into a real pos: value
dt2cwfu58n	pos:function-word	redundant/incorrect pos: tag found while auditing pos:function-word — reclassified into a real pos: value
19ebbd6l4z	pos:function-word	redundant/incorrect pos: tag found while auditing pos:function-word — reclassified into a real pos: value
fwytkxeon9	pos:function-word	redundant/incorrect pos: tag found while auditing pos:function-word — reclassified into a real pos: value
v3wnwpk0qj	pos:function-word	redundant/incorrect pos: tag found while auditing pos:function-word — reclassified into a real pos: value
u7zp2lujp0	pos:function-word	redundant/incorrect pos: tag found while auditing pos:function-word — reclassified into a real pos: value
qdyg6idr5p	pos:function-word	redundant/incorrect pos: tag found while auditing pos:function-word — reclassified into a real pos: value
4j1nc0c9o9	pos:function-word	redundant/incorrect pos: tag found while auditing pos:function-word — reclassified into a real pos: value
foy4696l7r	pos:function-word	redundant/incorrect pos: tag found while auditing pos:function-word — reclassified into a real pos: value
u109gx9ehn	pos:function-word	redundant/incorrect pos: tag found while auditing pos:function-word — reclassified into a real pos: value
8sisf9u6zt	pos:function-word	redundant/incorrect pos: tag found while auditing pos:function-word — reclassified into a real pos: value
9qaylitnlb	pos:function-word	redundant/incorrect pos: tag found while auditing pos:function-word — reclassified into a real pos: value
11lmznqkb7	pos:function-word	redundant/incorrect pos: tag found while auditing pos:function-word — reclassified into a real pos: value
57a72p21zi	pos:function-word	redundant/incorrect pos: tag found while auditing pos:function-word — reclassified into a real pos: value
