kxa1ugvzna	[el] movimiento	movement	reference	topic:abstract-quality	theme categorization batch
uo22ci75zg	[el] primero	the former	reference	topic:abstract-quality	theme categorization batch
6xf273imwi	[el] problema	problem	supporting	topic:abstract-quality	theme categorization batch
g2ecn2oi1k	[la] gente	people	supporting	topic:people	theme categorization batch
g2nzrxh5ae	[la] necesidad	the need	reference	topic:abstract-quality	theme categorization batch
ab3fpexagc	[la] salida	exit	supporting	topic:abstract-quality	theme categorization batch
p7ouvs75tf	[la] comida	the meal	reference	topic:food	theme categorization batch
yy1wmnythy	[el] pedido	the order	reference	topic:abstract-quality	theme categorization batch
em4gm5945w	[el] trabajo	work	supporting	topic:business-work	theme categorization batch
g6s2hpc2m4	[el] dicho	the saying	reference	topic:abstract-quality	theme categorization batch
492gbx234m	[el] trabajo	a job	supporting	topic:business-work	theme categorization batch
vnc1p295cf	[el/la] hablante	the speaker	reference	topic:people	theme categorization batch
69iqgmw2nb	[el] hecho	the fact	reference	topic:abstract-quality	theme categorization batch
tu44lpd4ms	[el] poder	power	reference	topic:abstract-quality	theme categorization batch
wf4a9cx0j2	[el] préstamo	the loan	reference	topic:money-business	theme categorization batch
0a33zqj9ql	[el] significado	meaning	reference	topic:abstract-quality	theme categorization batch
4hc7hecq4n	[la] salida	way out	reference	topic:abstract-quality	theme categorization batch
5uvtfc7eda	[el] sentimiento	feeling	reference	topic:abstract-quality	theme categorization batch
1vuews27gh	[la] caída	the fall	reference	topic:abstract-quality	theme categorization batch
ev6a0etitd	[la] cuenta	the bill	supporting	topic:abstract-quality	theme categorization batch
rgkaoqx4c0	[el] carro	car	supporting	topic:transportation	theme categorization batch
5mcu9ayadt	[la] escuela	school	supporting	topic:education	theme categorization batch
j48zuk79f7	[la] persona	person	supporting	topic:people	theme categorization batch
za4fiubic9	[el] hombre	man	supporting	topic:people	theme categorization batch
e03ov1snu4	[la] mujer	woman	supporting	topic:people	theme categorization batch
0ytjmo9vca	[el] niño	child	supporting	topic:people	theme categorization batch
0bnotvdld0	[los] niños	children	supporting	topic:people	theme categorization batch
cnz2xzp3on	[el] tratamiento	treatment	reference	topic:abstract-quality	theme categorization batch
2z1v0jn9n7	[la] conferencia	the lecture	reference	topic:event	theme categorization batch
jz9ja639wb	[el] habla	speech	reference	topic:abstract-quality	theme categorization batch
ez3zsvb5bs	[el] actor	actor	reference	topic:people	theme categorization batch
qm6or4amql	[el] bebedor / la bebedora	the drinker	reference	topic:people	theme categorization batch
6o8wv1ujtl	[la] bebida	the beverage	reference	topic:food	theme categorization batch
ayq6oujdl5	[el] comedor	the dining room	reference	topic:abstract-quality	theme categorization batch
299fvl9uyc	[el] instructor	instructor	reference	topic:business-work	theme categorization batch
bd134x1q1x	[la] petición	the request	reference	topic:communication-request	theme categorization batch
3oei2t1rkw	[el/la] dador/a	the giver	reference	topic:people	theme categorization batch
3az2z3o8xh	[el] puesto	the stand	reference	topic:abstract-quality	theme categorization batch
tr18eklsol	[la] puesta de sol	the sunset	reference	topic:event	theme categorization batch
fiwt4lp6h7	[el] puesto	the job position	reference	topic:business-work	theme categorization batch
01fx4rdiv4	[la] espera	the wait	reference	topic:abstract-quality	theme categorization batch
r6zqq82nx9	[la] esperanza	hope	reference	topic:abstract-quality	theme categorization batch
1jnwnfapfk	[la] expectativa	an expectation	reference	topic:abstract-quality	theme categorization batch
hl2al0rw9y	[un] extraño o [una] extraña	a stranger	reference	topic:people	theme categorization batch
177q0zbrgx	[la] falta de [algo]	the lack of [something]	reference	topic:abstract-quality	theme categorization batch
ivazb37oky	[la] ganancia	profit	reference	topic:money-business	theme categorization batch
hgehatyyz5	[el] gusto	taste	reference	topic:abstract-quality	theme categorization batch
nkeko9z633	[el] ganador o la ganadora	the winner	reference	topic:people	theme categorization batch
009wapgppb	[el] director	director	reference	topic:business-work	theme categorization batch
3q9ho91km6	[la] llegada	the arrival	reference	topic:event	theme categorization batch
fj5mrpoqkv	hacer un llamado a [algo]	to call for [something]	reference	topic:communication-request	theme categorization batch
hkwmzoq48t	[la] llamada	a call	reference	topic:communication-request	theme categorization batch
epafqviovk	[la] parada	the stop	reference	topic:abstract-quality	theme categorization batch
sx2usy0kyp	parecer [un sustantivo]	to seem like [a noun]	supporting	topic:abstract-quality	theme categorization batch
4vuklzq5ed	[el] pensamiento	the thought	reference	topic:abstract-quality	theme categorization batch
j3a9nczpz7	[el] peso	the weight	reference	topic:abstract-quality	theme categorization batch
jxuqf3vywv	[el/la] perdedor/a	the loser	reference	topic:people	theme categorization batch
frwznw3neu	[la] pérdida	the loss	reference	topic:abstract-quality	theme categorization batch
pxrkuoz9om	[el] poder notarial	power of attorney	reference	topic:abstract-quality	theme categorization batch
savje2u82z	[la] impotencia (falta de poder)	powerlessness	reference	topic:abstract-quality	theme categorization batch
n5gllks2an	[el] poder (capacidad oficial)	authority	reference	topic:abstract-quality	theme categorization batch
l89xxygsjn	[el] doctor	doctor	reference	topic:health	theme categorization batch
f25nyizfkx	[la] apertura	the opening	reference	topic:event	theme categorization batch
tri8batgjl	[la] inauguración	the opening	reference	topic:event	theme categorization batch
71n5lnu5e1	[el] alcance	the scope	reference	topic:abstract-quality	theme categorization batch
gh92p4vhuj	[el] alcance	the reach	reference	topic:abstract-quality	theme categorization batch
u40vouf4og	[un] conocido / [una] conocida	an acquaintance	reference	topic:people	theme categorization batch
drrg6rj7ry	[la] caída	the decline	reference	topic:abstract-quality	theme categorization batch
7onkppih6a	[el] conocimiento	the knowledge	reference	topic:abstract-quality	theme categorization batch
16jugpou1c	[la] cuenta	the account	reference	topic:abstract-quality	theme categorization batch
lfvxv89s5p	[el] contador / la contadora	the accountant	reference	topic:business-work	theme categorization batch
ad5u9obvi9	[el] costo	the expense	reference	topic:money-business	theme categorization batch
7b45x2pc78	[la] creencia	the belief	reference	topic:abstract-quality	theme categorization batch
psh0c11c73	[el] deber	the duty	reference	topic:business-work	theme categorization batch
z34w2rwul0	[los] deberes	the duties	reference	topic:business-work	theme categorization batch
ko06kydn82	[el] robo	robbery	reference	topic:crime-law	theme categorization batch
we4uinxfyx	[la] sabiduría	wisdom	reference	topic:abstract-quality	theme categorization batch
tjrnsl8268	[el] ladrón / la ladrona	thief	reference	topic:crime-law	theme categorization batch
bymophjmwd	[el] recuerdo	souvenir	reference	topic:abstract-quality	theme categorization batch
q7ljlxwqf2	[el] recuerdo	memory	supporting	topic:abstract-quality	theme categorization batch
bam70vmtu8	[el] robo	theft	reference	topic:crime-law	theme categorization batch
74tgefagq1	[el] seguidor / la seguidora	follower	reference	topic:abstract-quality	theme categorization batch
p1ln5nyupv	[el] seguimiento	follow-up	reference	topic:abstract-quality	theme categorization batch
ihr1107fvl	[el] ser	being	reference	topic:abstract-quality	theme categorization batch
15fu5msx3d	[la] suposición	assumption	reference	topic:abstract-quality	theme categorization batch
bc6xmdzd27	[el] toque	a touch	reference	topic:abstract-quality	theme categorization batch
ekmtzz5ms0	[el] trabajador o la trabajadora	a worker	reference	topic:business-work	theme categorization batch
872xfzjuzx	[la] tenencia de [algo]	possession of [something]	reference	topic:abstract-quality	theme categorization batch
lqnox1evi8	[la] vista	a view	reference	topic:abstract-quality	theme categorization batch
jgm4rn50k0	[la] vuelta	the return	reference	topic:abstract-quality	theme categorization batch
y51fnavydz	[el] conductor	conductor	reference	topic:people	theme categorization batch
lmtmwn90vz	[el] profesor	professor	reference	topic:business-work	theme categorization batch
j0l3pcqdr1	[el] valor	value	reference	topic:abstract-quality	theme categorization batch
6i8zzmxcp2	[el] valor	courage	reference	topic:abstract-quality	theme categorization batch
r1xmdoudgw	[la] venida	the coming	reference	topic:abstract-quality	theme categorization batch
98z915a6a3	[la] vista	sight	reference	topic:abstract-quality	theme categorization batch
5gxl8dnxws	[la] situación	situation	reference	topic:abstract-quality	theme categorization batch
xevu7180er	[el] color	color	reference	topic:abstract-quality	theme categorization batch
wvccxadcjd	[el] error	error	reference	topic:abstract-quality	theme categorization batch
wjtdww32zz	[el] factor	factor	reference	topic:abstract-quality	theme categorization batch
3n3pi38b08	[el] favor	favor	reference	topic:abstract-quality	theme categorization batch
os4a2ac0tm	[el] honor	honor	reference	topic:abstract-quality	theme categorization batch
6jira4rxkz	[el] motor	motor	reference	topic:technology	theme categorization batch
zkvpk7tgr8	[la] acción	action	reference	topic:abstract-quality	theme categorization batch
574u2brqmc	[la] nación	nation	reference	topic:government-politics	theme categorization batch
7ivfnkj03u	[la] opinión	opinion	reference	topic:abstract-quality	theme categorization batch
hslqixjf7x	[la] posición	position	reference	topic:business-work	theme categorization batch
a2v8lx8vep	[la] producción	production	reference	topic:abstract-quality	theme categorization batch
vezms6u37m	[el] impacto	impact	reference	topic:abstract-quality	theme categorization batch
rd4s3p0ahf	[la] cuestión	question	reference	topic:communication-request	theme categorization batch
qu672qzcw4	[la] consulta	the inquiry	reference	topic:communication-request	theme categorization batch
p3rjqls2m5	[la] gratitud	gratitude	reference	topic:abstract-quality	theme categorization batch
zb5iz6a5pe	[la] explicación	explanation	reference	topic:abstract-quality	theme categorization batch
qelqjearnq	[la] consulta	the query	reference	topic:abstract-quality	theme categorization batch
zuk75f16uj	[la] latitud	latitude	reference	topic:abstract-quality	theme categorization batch
ee35uotwjg	[la] pregunta	the question	supporting	topic:communication-request	theme categorization batch
e22fyvojnc	[la] traducción	translation	reference	topic:abstract-quality	theme categorization batch
vuc6ucpw1t	[la] altitud	altitude	reference	topic:abstract-quality	theme categorization batch
7dlt5fqvf2	[la] comunicación	communication	reference	topic:media-communication	theme categorization batch
em9j4l7sju	[la] información	information	reference	topic:abstract-quality	theme categorization batch
jpo875v8k4	[la] organización	organization	reference	topic:abstract-quality	theme categorization batch
rrfkddhv71	[la] multitud	multitude	reference	topic:abstract-quality	theme categorization batch
0dl4m98bvn	[la] longitud	longitude	reference	topic:abstract-quality	theme categorization batch
fsdfrurxc8	[la] aptitud	aptitude	reference	topic:abstract-quality	theme categorization batch
59nalyueux	[el] adicto	addict	reference	topic:health	theme categorization batch
06j4vt3qo9	[la] actitud	attitude	reference	topic:abstract-quality	theme categorization batch
h6ec5g8ke1	[el] contrato	contract	reference	topic:business-work	theme categorization batch
wn7kntrk2s	[la] educación	education	reference	topic:education	theme categorization batch
32b69rl1gj	[el] conflicto	conflict	reference	topic:abstract-quality	theme categorization batch
kga9c8rq9i	[el] contacto	contact	reference	topic:abstract-quality	theme categorization batch
gi8q8b684l	[el] distrito	district	reference	topic:places	theme categorization batch
51bbm0t5il	[el] acto	act	reference	topic:abstract-quality	theme categorization batch
2ycghrnlv8	[el] veredicto	verdict	reference	topic:crime-law	theme categorization batch
jx6ci6rshb	[la] postulación	the application	reference	topic:communication-request	theme categorization batch
tx2421g9u2	[la] solicitud	the request	reference	topic:communication-request	theme categorization batch
01jw455h2b	[la] solicitud	the application	reference	topic:communication-request	theme categorization batch
ul1hhwhl6n	[la] parte	part	reference	topic:abstract-quality	theme categorization batch
4qgyr81gdo	[el] análisis	analysis	reference	topic:abstract-quality	theme categorization batch
ive1a0ziw4	[el] arte	art	reference	topic:art-culture	theme categorization batch
apxuvpw3o5	[el] convicto	convict	reference	topic:crime-law	theme categorization batch
2fk5xrp2jk	[la] alianza	alliance	reference	topic:abstract-quality	theme categorization batch
1s8k9i2k7r	[la] confianza	confidence	reference	topic:abstract-quality	theme categorization batch
1hdf0vdcbi	[la] parálisis	paralysis	reference	topic:health	theme categorization batch
uhnngjckpc	[la] psicosis	psychosis	reference	topic:health	theme categorization batch
rwhexrucnp	[la] síntesis	synthesis	reference	topic:abstract-quality	theme categorization batch
4682tqlxn1	[la] tesis	thesis	reference	topic:education	theme categorization batch
2ozhtjw6zj	[la] crisis	crisis	reference	topic:abstract-quality	theme categorization batch
pf2ish76f5	[la] balanza	balance	reference	topic:abstract-quality	theme categorization batch
4bskv8tvfe	[la] danza	dance	reference	topic:art-culture	theme categorization batch
xb472n003b	[la] diferencia	difference	reference	topic:abstract-quality	theme categorization batch
n5fxf1nj7g	[la] excelencia	excellence	reference	topic:abstract-quality	theme categorization batch
6saunfdsa0	[la] semejanza	resemblance	reference	topic:abstract-quality	theme categorization batch
s1emq6fii2	[la] venganza	vengeance	reference	topic:abstract-quality	theme categorization batch
f3upgnrzbs	[las] finanzas	finance	reference	topic:money-business	theme categorization batch
zvx8c9mq5w	[la] inteligencia	intelligence	reference	topic:abstract-quality	theme categorization batch
s9ci9wweoe	[la] ciencia	science	reference	topic:education	theme categorization batch
drst4ar6kz	[la] evidencia	evidence	reference	topic:abstract-quality	theme categorization batch
wy3zgc5fm8	[la] paciencia	patience	reference	topic:abstract-quality	theme categorization batch
0bztz4k6hl	[la] ausencia	absence	reference	topic:abstract-quality	theme categorization batch
ttkskn92b3	[la] presencia	presence	reference	topic:abstract-quality	theme categorization batch
t7i1q6sopk	[el] éxito	success	reference	topic:abstract-quality	theme categorization batch
y80ap26ri1	[la] influencia	influence	reference	topic:abstract-quality	theme categorization batch
96b3j70qvp	[el/la] cliente	client	reference	topic:abstract-quality	theme categorization batch
1h6ivxy4ug	[el/la] paciente	patient	reference	topic:health	theme categorization batch
y426oxqcyc	[la] consecuencia	consequence	reference	topic:abstract-quality	theme categorization batch
cshtvn6kwm	[la] experiencia	experience	reference	topic:abstract-quality	theme categorization batch
cai8r18zg7	[la] preferencia	preference	reference	topic:abstract-quality	theme categorization batch
43jwtza671	[el] dólar	dollar	reference	topic:money-business	theme categorization batch
qb9jngemsu	[el] espacio	space	reference	topic:abstract-quality	theme categorization batch
mswf03tmci	[el] estrés	stress	reference	topic:abstract-quality	theme categorization batch
d717mdshbr	[el] estándar	standard	reference	topic:abstract-quality	theme categorization batch
pq0vcgmueh	[el/la] estudiante	student	supporting	topic:education	theme categorization batch
fthrcu4xvt	[la] energía	energy	reference	topic:abstract-quality	theme categorization batch
npor8v0zk5	[la] tecnología	technology	reference	topic:technology	theme categorization batch
mbh0j4ycf9	[la] estrategia	strategy	reference	topic:abstract-quality	theme categorization batch
nltc1o2iyg	[la] victoria	victory	reference	topic:abstract-quality	theme categorization batch
9fwc5wi7zq	[la] estructura	structure	reference	topic:abstract-quality	theme categorization batch
tr7l0nrxpt	[la] geometría	geometry	reference	topic:education	theme categorization batch
w33cmw6ad6	[la] historia	history	reference	topic:abstract-quality	theme categorization batch
2ju934poqh	[la] memoria	memory	reference	topic:abstract-quality	theme categorization batch
fdp64mnbuv	[la] anatomía	anatomy	reference	topic:education	theme categorization batch
j3vufl2m47	[la] biología	biology	reference	topic:education	theme categorization batch
pxa8yqnuhd	[la] democracia	democracy	reference	topic:government-politics	theme categorization batch
7kkfxwklk0	[el] evento	event	reference	topic:event	theme categorization batch
7vqbup0juw	[el] experimento	experiment	reference	topic:abstract-quality	theme categorization batch
ff3b4zlwi3	[el] singular	singular	reference	topic:education	theme categorization batch
ziwsmwdplp	[la] economía	economy	reference	topic:money-business	theme categorization batch
034exn35er	[la] psicología	psychology	reference	topic:education	theme categorization batch
jgqbst55jt	[el] argumento	argument	reference	topic:abstract-quality	theme categorization batch
9tvb76739j	[el] departamento	department	reference	topic:business-work	theme categorization batch
z504kyatgz	[el] documento	document	reference	topic:abstract-quality	theme categorization batch
ot7q5zodhe	[el] panel	panel	reference	topic:abstract-quality	theme categorization batch
i0yujk8yu1	[el] hotel	hotel	reference	topic:places	theme categorization batch
rbn15onoif	[el] alfabeto	alphabet	reference	topic:education	theme categorization batch
c4atxojpke	[el] nivel	level	reference	topic:abstract-quality	theme categorization batch
6dxba6d2ag	[el] teléfono	phone	supporting	topic:technology	theme categorization batch
2v5h1ufbut	[el] momento	moment	reference	topic:abstract-quality	theme categorization batch
p863gmczt9	[el] talento	talent	reference	topic:abstract-quality	theme categorization batch
an6n9dae4i	[el] fenómeno	phenomenon	reference	topic:abstract-quality	theme categorization batch
txqiolqr7i	[el] trofeo	trophy	reference	topic:sports-recreation	theme categorization batch
l98q5snji8	[la] fotografía	photography	reference	topic:media-communication	theme categorization batch
7aac2sx3se	[la] frase	phrase	reference	topic:abstract-quality	theme categorization batch
kqco74d77t	[la] filosofía	philosophy	reference	topic:education	theme categorization batch
txbqx8bugq	[la] foto	photo	reference	topic:media-communication	theme categorization batch
248q0ci8ua	[el] teléfono	telephone	reference	topic:technology	theme categorization batch
mqcigok37y	[el] futuro	future	supporting	topic:abstract-quality	theme categorization batch
0abs5n4aji	[la] física	physics	reference	topic:education	theme categorization batch
j6m2n8tuy3	[la] importancia	importance	reference	topic:abstract-quality	theme categorization batch
0uad77r2ls	[el] coronel	colonel	reference	topic:government-politics	theme categorization batch
3mzb7ucq3c	[el] elemento	element	reference	topic:abstract-quality	theme categorization batch
6xxrjob54x	[el] túnel	tunnel	reference	topic:abstract-quality	theme categorization batch
7qrlb1fdkm	[la] captura	capture	reference	topic:abstract-quality	theme categorization batch
i6a8ckszic	[el] elefante	elephant	reference	topic:nature-animals	theme categorization batch
ayau0sgeq7	[la] distancia	distance	reference	topic:abstract-quality	theme categorization batch
tcr2y280na	[la] arquitectura	architecture	reference	topic:art-culture	theme categorization batch
1cn8z1cn8h	[la] aventura	adventure	reference	topic:abstract-quality	theme categorization batch
i4altfzocy	[la] biografía	biography	reference	topic:art-culture	theme categorization batch
oisusowok8	[la] cultura	culture	reference	topic:abstract-quality	theme categorization batch
acbzwvle6l	[el] instrumento	instrument	reference	topic:technology	theme categorization batch
q2kaxpwj2k	[la] agricultura	agriculture	reference	topic:business-work	theme categorization batch
3616d6u3f0	[el] ángel	angel	reference	topic:abstract-quality	theme categorization batch
92pcswj82t	[el] número de teléfono	phone number	reference	topic:technology	theme categorization batch
pc8997otnx	[el] segmento	segment	reference	topic:abstract-quality	theme categorization batch
t85d508oa1	[la] farmacia	pharmacy	reference	topic:food	theme categorization batch
ldr4e40ll4	[la] instancia	instance	reference	topic:abstract-quality	theme categorization batch
54il000ix7	[la] literatura	literature	reference	topic:education	theme categorization batch
bmcmt33w3k	[el] restaurante	restaurant	reference	topic:food	theme categorization batch
od2dt49kkn	[el/la] artista	artist	reference	topic:art-culture	theme categorization batch
oahko0oasz	[el/la] dentista	dentist	reference	topic:people	theme categorization batch
c3m4utcxtr	[el/la] especialista	specialist	reference	topic:people	theme categorization batch
b5yulihftv	[el/la] optimista	optimist	reference	topic:personality	theme categorization batch
8nz776g9wr	[el/la] pesimista	pessimist	reference	topic:personality	theme categorization batch
4gcpbm6p3d	[el/la] realista	realist	reference	topic:personality	theme categorization batch
111m6z7o3m	[el/la] turista	tourist	reference	topic:sports-recreation	theme categorization batch
f0rd6stx7x	[la] abundancia	abundance	reference	topic:abstract-quality	theme categorization batch
kofhrlar9b	[la] circunstancia	circumstance	reference	topic:abstract-quality	theme categorization batch
8ndkxjyr8a	[la] elegancia	elegance	reference	topic:abstract-quality	theme categorization batch
6zv7gcixac	[la] ignorancia	ignorance	reference	topic:abstract-quality	theme categorization batch
vyhgywssz1	[la] lista	list	reference	topic:abstract-quality	theme categorization batch
byraq79ac6	[la] relevancia	relevance	reference	topic:abstract-quality	theme categorization batch
zu6i0ca94w	[la] tolerancia	tolerance	reference	topic:abstract-quality	theme categorization batch
x8tys64sra	[la] vigilancia	vigilance	reference	topic:abstract-quality	theme categorization batch
7qttuz5h12	[el/la] comunista	communist	reference	topic:government-politics	theme categorization batch
urlrunyef3	[el/la] violinista	violinist	reference	topic:art-culture	theme categorization batch
vvx29t7wo5	[el] porcentaje	percentage	reference	topic:abstract-quality	theme categorization batch
zgf5dpd5fx	[el] proyecto	project	reference	topic:business-work	theme categorization batch
8bgeggud65	[la] imagen	image	reference	topic:abstract-quality	theme categorization batch
g1oxr95nd1	[el] salario	salary	reference	topic:money-business	theme categorization batch
dow222398n	[el] dialecto	dialect	reference	topic:abstract-quality	theme categorization batch
rmlknzfo8g	[la] posibilidad	possibility	reference	topic:abstract-quality	theme categorization batch
s1v75khflh	[lo] contrario	the contrary	reference	topic:abstract-quality	theme categorization batch
668xicbp81	[el] sujeto	subject	reference	topic:abstract-quality	theme categorization batch
ygifenxb7g	[el] diccionario	dictionary	reference	topic:education	theme categorization batch
w2t6njopdt	[el] tanque	tank	reference	topic:government-politics	theme categorization batch
jx6jqjlcmi	[el] efecto	effect	reference	topic:abstract-quality	theme categorization batch
2ji12md64i	[el] garaje	garage	reference	topic:places	theme categorization batch
3pwv41o33w	[el] hospital	hospital	reference	topic:health	theme categorization batch
zeylh1i5dd	[el] insecto	insect	reference	topic:nature-animals	theme categorization batch
qrwxhzalwx	[el] lenguaje	language	reference	topic:education	theme categorization batch
478pmalyyr	[el] trópico	tropic	reference	topic:abstract-quality	theme categorization batch
r6gl23ricw	[el] vocabulario	vocabulary	reference	topic:abstract-quality	theme categorization batch
lod9t33ldz	[el] mensaje	message	reference	topic:communication-request	theme categorization batch
m73r9f84te	[el/la] capitalista	capitalist	reference	topic:government-politics	theme categorization batch
cgr3jxvkh4	[el/la] ciclista	cyclist	reference	topic:sports-recreation	theme categorization batch
vqnteutwjo	[el] objeto	object	reference	topic:abstract-quality	theme categorization batch
l4e9khpbor	[el] arquitecto	architect	reference	topic:people	theme categorization batch
rq5v0yngkf	[el] aspecto	aspect	reference	topic:abstract-quality	theme categorization batch
8xqxz4bf9f	[el] ataque	attack	reference	topic:abstract-quality	theme categorization batch
8trwwgf2y4	[el] automóvil	automobile	reference	topic:transportation	theme categorization batch
70rg25atoe	[el] bloque	block	reference	topic:abstract-quality	theme categorization batch
hudjcygfj0	[el] calendario	calendar	reference	topic:calendar	theme categorization batch
meaqtl8pnr	[el] cheque	check	reference	topic:money-business	theme categorization batch
r4r0vekbrk	[el] defecto	defect	reference	topic:abstract-quality	theme categorization batch
5e48uv0rbs	[el] anagrama	anagram	reference	topic:abstract-quality	theme categorization batch
mdyd02rnzc	[el] diagrama	diagram	reference	topic:abstract-quality	theme categorization batch
ylpkircl1b	[el] fluido	fluid	reference	topic:abstract-quality	theme categorization batch
uurh7i9ykr	[la] seguridad	security	reference	topic:abstract-quality	theme categorization batch
1amptqkvwv	[la] disponibilidad	availability	reference	topic:abstract-quality	theme categorization batch
1d4wdwn3hx	[la] prioridad	priority	reference	topic:abstract-quality	theme categorization batch
gfdks2l475	[la] universidad	university	reference	topic:education	theme categorization batch
21ieglmh64	[la] identidad	identity	reference	topic:abstract-quality	theme categorization batch
pisgbls4zr	[la] diversidad	diversity	reference	topic:abstract-quality	theme categorization batch
1lw31azha8	[la] sociedad	society	reference	topic:abstract-quality	theme categorization batch
2skg15ncs8	[la] calidad	quality	reference	topic:abstract-quality	theme categorization batch
8i4pvwrh3c	[la] humanidad	humanity	reference	topic:abstract-quality	theme categorization batch
ngu4uuo5wj	[la] sensibilidad	sensitivity	reference	topic:abstract-quality	theme categorization batch
jd5jg6wx6v	[la] probabilidad	probability	reference	topic:abstract-quality	theme categorization batch
o8ol2ar9h7	[la] comunidad	community	reference	topic:abstract-quality	theme categorization batch
3scyaehxzw	[el] telegrama	telegram	reference	topic:media-communication	theme categorization batch
4enrhv4xgq	[el/la] inmigrante	immigrant	reference	topic:people	theme categorization batch
eqn1fdvots	[la] actividad	activity	reference	topic:abstract-quality	theme categorization batch
aw6dx0k65p	[el] sistema	system	reference	topic:abstract-quality	theme categorization batch
tyay5014w3	[el] holograma	hologram	reference	topic:technology	theme categorization batch
hl9fl61j2l	[el] líquido	liquid	reference	topic:abstract-quality	theme categorization batch
xkmwk6fexy	[el] teorema	theorem	reference	topic:education	theme categorization batch
x8bxhkeczd	[el] programa	program	reference	topic:business-work	theme categorization batch
pmyn4pkqie	[el] autor	author	reference	topic:people	theme categorization batch
e4r4z7w8s5	[la] teología	theology	reference	topic:education	theme categorization batch
3e90ezzzgn	[la] ética	ethics	reference	topic:abstract-quality	theme categorization batch
23x7l873p3	[la] televisión	television	reference	topic:media-communication	theme categorization batch
rpmygmlmmv	[la] profesión	profession	reference	topic:business-work	theme categorization batch
o2wtwr7dbx	[la] división	division	reference	topic:abstract-quality	theme categorization batch
1gw35vc6y0	[la] decisión	decision	reference	topic:abstract-quality	theme categorization batch
ykf0k0dtb0	[la] discusión	discussion	reference	topic:abstract-quality	theme categorization batch
auz2fftxbw	[la] confusión	confusion	reference	topic:abstract-quality	theme categorization batch
vdacibaynz	[la] expresión	expression	reference	topic:abstract-quality	theme categorization batch
15ct5oid4t	[la] terapia	therapy	reference	topic:health	theme categorization batch
08mar7bvib	[el] territorio	territory	reference	topic:abstract-quality	theme categorization batch
j0xnn398g6	[la] versión	version	reference	topic:abstract-quality	theme categorization batch
lbpuhtzxi1	[el] optimismo	optimism	reference	topic:abstract-quality	theme categorization batch
vuzvlbjndb	[el] capitalismo	capitalism	reference	topic:government-politics	theme categorization batch
gse61poi2m	[la] conclusión	conclusion	reference	topic:abstract-quality	theme categorization batch
43qxgonexo	[los] hombres	men	reference	topic:people	theme categorization batch
4fjhpc3lqp	[la] teoría	theory	reference	topic:education	theme categorization batch
xin0bnb4c3	[el] tráfico	traffic	reference	topic:transportation	theme categorization batch
3sidna6ihb	[el] método	method	reference	topic:abstract-quality	theme categorization batch
4u88izkkdc	[el] idealismo	idealism	reference	topic:abstract-quality	theme categorization batch
6xcuec3dxy	[el] turismo	tourism	reference	topic:sports-recreation	theme categorization batch
x6ksz8xhcb	[el] realismo	realism	reference	topic:abstract-quality	theme categorization batch
6xuxo8decu	[el/la] atleta	athlete	reference	topic:sports-recreation	theme categorization batch
yjvu0jq0p2	[el] pesimismo	pessimism	reference	topic:abstract-quality	theme categorization batch
l5mmoxlayq	[el] público	the public	reference	topic:abstract-quality	theme categorization batch
m1g01li4d2	[el] socialismo	socialism	reference	topic:government-politics	theme categorization batch
qjeggetbn7	[el] laboratorio	laboratory	reference	topic:technology	theme categorization batch
brequ09fv7	[el] directorio	directory	reference	topic:abstract-quality	theme categorization batch
nwt92sdy1q	[el] teatro	theater	reference	topic:places	theme categorization batch
vrd2xusmjs	[el] culto	cult	reference	topic:abstract-quality	theme categorization batch
btj4xcksut	[el] adulto	adult	reference	topic:people	theme categorization batch
vb2uvwnj0w	[el] costo	the cost	reference	topic:money-business	theme categorization batch
hgfc2qkcz3	[el] racismo	racism	reference	topic:abstract-quality	theme categorization batch
yncm9uvy01	[el] resultado	result	reference	topic:abstract-quality	theme categorization batch
0powders6t	[el] nacionalismo	nationalism	reference	topic:government-politics	theme categorization batch
010007hsii	[el] comunismo	communism	reference	topic:government-politics	theme categorization batch
pnr1qwchct	[el] banco	bank	reference	topic:money-business	theme categorization batch
bjymj06xqc	[el] insulto	insult	reference	topic:abstract-quality	theme categorization batch
7g6yi8yb4r	[el] mecanismo	mechanism	reference	topic:technology	theme categorization batch
ruxyw228tw	[el] tumulto	tumult	reference	topic:abstract-quality	theme categorization batch
1o17mlmefy	algo muy importante	a big deal	reference	topic:abstract-quality	theme categorization batch
7iwln9ycmm	[la] corriente	current	reference	topic:abstract-quality	theme categorization batch
zdriia6k4w	[los] asuntos de actualidad	current affairs	reference	topic:abstract-quality	theme categorization batch
3nibgk2dqk	[la] propiedad	ownership	reference	topic:abstract-quality	theme categorization batch
z9qg9ks1ga	[el/la] dueño/a	the owner	reference	topic:abstract-quality	theme categorization batch
hcj1t8t78h	[el] encargo	errand	reference	topic:business-work	theme categorization batch
chyzg2k9qg	[el] encargo	assignment	reference	topic:business-work	theme categorization batch
2tpq2h0jq0	[las] personas	people	reference	topic:people	theme categorization batch
lafn6elemf	[las] mujeres	women	reference	topic:people	theme categorization batch
57l5ve6bmp	[la] fase	phase	reference	topic:abstract-quality	theme categorization batch
ptjcpzvqxw	[el] pronóstico	the forecast	reference	topic:abstract-quality	theme categorization batch
2mg4cy8xgu	[el] círculo íntimo	the inner circle	reference	topic:abstract-quality	theme categorization batch
rdjeqeilbf	[el] poema	poem	reference	topic:art-culture	theme categorization batch
ofyno3pj7o	[ser] fértil	[to be] fertile	reference	topic:abstract-quality	theme categorization batch
rzck0llasl	[ser] generoso	[to be] generous	reference	topic:personality	theme categorization batch
k4qa6qb9oa	[ser] poderoso/a (gran fuerza)	[to be] mighty	reference	topic:abstract-quality	theme categorization batch
qcjby6hnvc	[estar] bien	[to be] alright	reference	topic:abstract-quality	theme categorization batch
ml2usxu7by	[estar] perdido/a	[to be] lost	supporting	topic:condition-state	theme categorization batch
czjjg08c25	[ser] gratis	[to be] free	supporting	topic:value-price	theme categorization batch
6ljzqgv7vh	[perderse]	[to get] lost	supporting	topic:condition-state	theme categorization batch
yome0dqotg	[ser] pesado/a	[to be] heavy	supporting	topic:size	theme categorization batch
zxr6a7pbp5	[ser] poderoso/a	[to be] powerful	reference	topic:abstract-quality	theme categorization batch
lg9p46b73r	[ser] consciente de [algo]	[to be] aware of [something]	reference	topic:abstract-quality	theme categorization batch
dypln0ds39	[ser] amarillo	[to be] yellow	supporting	topic:color	theme categorization batch
8kyqh0y19m	[parecer] [adjetivo]	[to seem] [adjective]	supporting	topic:abstract-quality	theme categorization batch
hkvahmcgwi	[ser] negro	[to be] black	supporting	topic:color	theme categorization batch
pe1f869we7	[tener] sueño	[to be] sleepy	supporting	topic:emotion-state	theme categorization batch
4f77g5k631	solo/a	alone	supporting	topic:emotion-state	theme categorization batch
6msmcahhki	[ser] barato	[to be] cheap	supporting	topic:value-price	theme categorization batch
lkmlvytfdx	malo/a	bad	supporting	topic:abstract-quality	theme categorization batch
mxhymxu0dx	[ser] listo/a	[to be] smart	supporting	topic:abstract-quality	theme categorization batch
u6e7l73thm	viejo/a	old	supporting	topic:age	theme categorization batch
zitwttv8hl	[ser] blanco	[to be] white	supporting	topic:color	theme categorization batch
il1qcnb04w	[ser] caro	[to be] expensive	supporting	topic:value-price	theme categorization batch
d36nx7wrvf	[ser] corto	[to be] short	supporting	topic:size	theme categorization batch
ij9kh31g9s	[ser] verde	[to be] green	supporting	topic:color	theme categorization batch
smffkflaqu	[tener] suerte	[to be] lucky	supporting	topic:emotion-state	theme categorization batch
sjrhmb2fr3	[ser] grande	[to be] big	supporting	topic:size	theme categorization batch
41sk71d7jq	[ser] rojo	[to be] red	supporting	topic:color	theme categorization batch
vjesp1jbub	[ser] rápido	[to be] fast	supporting	topic:speed	theme categorization batch
o76acaxaxw	[ser] joven	[to be] young	supporting	topic:age	theme categorization batch
eqr05lh2tu	[ser] pequeño	[to be] small	supporting	topic:size	theme categorization batch
n0r0eb7pw1	[ser] improbable	[to be] improbable	reference	topic:abstract-quality	theme categorization batch
r2e4av62rk	[ser] maduro	[to be] mature	reference	topic:age	theme categorization batch
c3ldgsdgnc	a salvo	safe	reference	topic:abstract-quality	theme categorization batch
u8levmjjk9	[ser] sensato	[to be] sensible	reference	topic:abstract-quality	theme categorization batch
ho25hdai9c	antiguo/a [cargo]	former [role]	reference	topic:abstract-quality	theme categorization batch
tamzftp6b6	querido/a	beloved	reference	topic:abstract-quality	theme categorization batch
zasp2r8vif	[ser] comestible	[to be] edible	reference	topic:food	theme categorization batch
e1plhjrtby	[ser] hablador/a	[to be] talkative	reference	topic:personality	theme categorization batch
ldjf9twfn1	[ser] bebible	[to be] drinkable	reference	topic:food	theme categorization batch
b7zyzj7ukc	[ser] indecible	[to be] unspeakable	reference	topic:abstract-quality	theme categorization batch
ifvh58e7u9	[ser] claro	[to be] light	reference	topic:abstract-quality	theme categorization batch
8j8l76vwci	[ponerse] [adjetivo]	[to become] [adjective]	supporting	topic:abstract-quality	theme categorization batch
zq5mq3d7ig	[ponerse] [adjetivo]	[to get] [adjective]	supporting	topic:abstract-quality	theme categorization batch
8zcb6q4a6k	[ser] claro	[to be] clear	reference	topic:abstract-quality	theme categorization batch
hwb7sf71t7	[ser] duro	[to be] hard	reference	topic:difficulty	theme categorization batch
nq399jkhun	[ser] duro	[to be] tough	reference	topic:abstract-quality	theme categorization batch
2ej97sbza7	[ser] duro	[to be] harsh	reference	topic:abstract-quality	theme categorization batch
pnonowj90v	[estar] bien	[to be] all right	reference	topic:abstract-quality	theme categorization batch
4lo9q0j4yd	[estar] libre	[to be] available	reference	topic:condition-state	theme categorization batch
grd35t3yb8	[estar] acostumbrado/a a [algo]	[to be] used to [something]	supporting	topic:condition-state	theme categorization batch
5lspctsw4y	[ser] esperado/a	[to be] expected	reference	topic:abstract-quality	theme categorization batch
pl1kwzxv0a	[ser] inesperado/a	[to be] unexpected	reference	topic:abstract-quality	theme categorization batch
3kvxnmbfe5	[estar] listo	[to be] ready	reference	topic:condition-state	theme categorization batch
mdayqm9som	[estar] interesado/a en [algo]	[to be] interested in [something]	supporting	topic:abstract-quality	theme categorization batch
aka9qxppt2	[ser] listo	[to be] clever	reference	topic:abstract-quality	theme categorization batch
0v47ifpsxd	[estar] casado/a con [alguien]	[to be] married to [somebody]	supporting	topic:condition-state	theme categorization batch
afevkeg23w	[estar] enamorado/a de [alguien]	[to be] in love with [somebody]	reference	topic:emotion-state	theme categorization batch
97xjph1sfx	[estar] equivocado/a	[to be] wrong	supporting	topic:abstract-quality	theme categorization batch
zgccmkmabz	[estar] listo/a	[to be] ready	core	topic:condition-state	theme categorization batch
i906c8x5c2	[estar] seguro/a de [algo]	[to be] sure about [something]	supporting	topic:abstract-quality	theme categorization batch
vfjhy0rgs4	[estar] aburrido/a	[to be] bored	supporting	topic:emotion-state	theme categorization batch
ta7tkxiwoz	[estar] ausente	[to be] away	reference	topic:abstract-quality	theme categorization batch
lc0faais7l	[estar] libre	[to be] free	reference	topic:value-price	theme categorization batch
sk7qkjn915	[estar] previsto/a	[to be] due	reference	topic:condition-state	theme categorization batch
xc8k68t746	[estar] retrasado/a	[to be] late	supporting	topic:abstract-quality	theme categorization batch
km539emf2l	[estar] terminado/a	[to be] done	supporting	topic:condition-state	theme categorization batch
160kt5bnxh	[sentirse] extraño/a	[to feel] weird	reference	topic:emotion-state	theme categorization batch
871apuo78w	[ser] extraño/a	[to be] strange	supporting	topic:abstract-quality	theme categorization batch
gmw4l9fuma	hecho/a	made	reference	topic:abstract-quality	theme categorization batch
sqk4k5as8g	hecho/a	done	reference	topic:condition-state	theme categorization batch
nhqct1dhzu	[ser] parecido/a a [algo]	[to be] similar to [something]	reference	topic:abstract-quality	theme categorization batch
vydnn6gthe	[parecer] [adjetivo] (apariencia visible)	[to look] [adjective]	core	topic:abstract-quality	theme categorization batch
4vmjcs20a5	[ser] mandón/mandona	[to be] bossy	reference	topic:personality	theme categorization batch
nb4w5o0cgc	[estar] pensativo/a	[to be] pensive	reference	topic:abstract-quality	theme categorization batch
grd7p3e7kw	[estar] bien pensado/a	[to be] well thought out	reference	topic:abstract-quality	theme categorization batch
b7js6hk28a	[ser] todopoderoso/a	[to be] all-powerful	reference	topic:abstract-quality	theme categorization batch
j89bqvhlm0	[ser] poderoso/a (tener influencia)	[to be] influential	reference	topic:abstract-quality	theme categorization batch
3m5g5fxdnu	[sentirse] impotente (sin poder)	[to feel] powerless	reference	topic:emotion-state	theme categorization batch
s2fkpkgyh0	[sentirse] impotente (sin poder ayudar)	[to feel] helpless	reference	topic:emotion-state	theme categorization batch
1vp9cxf3e2	[ser] todopoderoso/a (formal)	[to be] omnipotent	reference	topic:abstract-quality	theme categorization batch
8mhghrw0y0	[ser] todopoderoso/a (religioso)	[to be] almighty	reference	topic:abstract-quality	theme categorization batch
lv3d9lcju3	[estar] abierto/a	[to be] open	supporting	topic:condition-state	theme categorization batch
j6rsrji1gk	[quedarse] callado/a	[to keep] quiet	reference	topic:emotion-state	theme categorization batch
nwxm8j7bvp	[quedarse] dormido/a	[to fall] asleep	supporting	topic:emotion-state	theme categorization batch
897t46ipdb	[estar] acabado/a	[to be] finished	reference	topic:condition-state	theme categorization batch
wof9vipshg	[ser] azul	[to be] blue	supporting	topic:color	theme categorization batch
wvqg9y8xx3	inacabado/a	unfinished	reference	topic:abstract-quality	theme categorization batch
61km55vsoh	[estar] ocupado	[to be] busy	supporting	topic:condition-state	theme categorization batch
ltyh3i8eqd	[estar] ocupado	[to be] occupied	reference	topic:condition-state	theme categorization batch
uzeqfh2cbl	[ser] viejo	[to be] old	reference	topic:age	theme categorization batch
7grhjsaoa0	[ser] conocido/a	[to be] well-known	reference	topic:abstract-quality	theme categorization batch
c5hr8odlxd	desconocido/a	unknown	reference	topic:abstract-quality	theme categorization batch
inwwluj4ug	[ser] creíble	[to be] believable	reference	topic:abstract-quality	theme categorization batch
jws4jrf0cx	costoso/a	expensive	reference	topic:value-price	theme categorization batch
txighmsxc2	costoso/a	costly	reference	topic:abstract-quality	theme categorization batch
bilb51sumb	[dejar] a [alguien] [en un estado]	[to make] [somebody] [an adjective]	reference	topic:abstract-quality	theme categorization batch
tzy94y3hmu	[dejar] a [alguien] [en un estado]	[to leave] [somebody] [in a state]	reference	topic:abstract-quality	theme categorization batch
l71xfacivn	[ser] viejo	[to be] elderly	reference	topic:age	theme categorization batch
2qn9jrryai	[dejar] [algo] claro	[to make] [something] clear	reference	topic:abstract-quality	theme categorization batch
2afxzimfwm	[ser] memorable	[to be] memorable	reference	topic:abstract-quality	theme categorization batch
9dj6rqtp3w	[ser] sabio/a	[to be] wise	reference	topic:personality	theme categorization batch
64zpt713l1	[ser] sentimental	[to be] sentimental	reference	topic:abstract-quality	theme categorization batch
3l1rvkd3vh	[tener] hambre	[to be] hungry	core	topic:emotion-state	theme categorization batch
3t5jjwz0t5	[tener] miedo de [algo]	[to be] afraid of [something]	supporting	topic:emotion-state	theme categorization batch
vhzosajtoy	[tener] paciencia	[to be] patient	reference	topic:health	theme categorization batch
76ls07neza	[tener] razón	[to be] right	core	topic:abstract-quality	theme categorization batch
3bdg1oyv39	[tener] sed	[to be] thirsty	core	topic:emotion-state	theme categorization batch
3h3r7eqbfi	[tener] significado	[to be] meaningful	reference	topic:abstract-quality	theme categorization batch
22weg7i165	no [tener] significado	[to be] meaningless	reference	topic:abstract-quality	theme categorization batch
y4kn1xzqxy	[ser] aburrido/a	[to be] boring	supporting	topic:emotion-state	theme categorization batch
cpp3wx8ltt	[ser] chistoso/a	[to be] funny	reference	topic:abstract-quality	theme categorization batch
f601zyn02o	[ser] divertido	[to be] fun	supporting	topic:abstract-quality	theme categorization batch
5uh9uw98kl	[ser] interesante	[to be] interesting	supporting	topic:abstract-quality	theme categorization batch
yft1hv038t	[ser] probable que [algo]	[to be] likely that [something]	reference	topic:abstract-quality	theme categorization batch
ka80affc74	[ser] significativo/a	[to be] significant	reference	topic:abstract-quality	theme categorization batch
izmas5gq0m	[tener] calor	[to be] hot	core	topic:emotion-state	theme categorization batch
o0zirvikcg	[tener] confianza	[to be] confident	reference	topic:emotion-state	theme categorization batch
o4ei6afgu0	[tener] cuidado	[to be] careful	core	topic:emotion-state	theme categorization batch
pvwpfoq4zb	[tener] frío	[to be] cold	core	topic:emotion-state	theme categorization batch
c35bwq6oiy	[valer] para [hacer algo]	[to be] useful for [doing something]	reference	topic:abstract-quality	theme categorization batch
6rgyh7ngls	[ser] laboral	[to be] work-related	reference	topic:business-work	theme categorization batch
ue1j1fbu66	[ser] trabajador/a	[to be] hardworking	reference	topic:personality	theme categorization batch
16pwsfcg7n	[valer] hasta [una fecha]	[to be] valid until [a date]	reference	topic:abstract-quality	theme categorization batch
0utix246nk	[ser] visual	[to be] visual	reference	topic:abstract-quality	theme categorization batch
pft3m3975v	[volverse] [adjetivo]	[to become] [adjective]	supporting	topic:abstract-quality	theme categorization batch
jthckb9ofh	no [valer]	not [to be] fair	reference	topic:abstract-quality	theme categorization batch
5wxhecilm0	[verse] [adjetivo]	[to look] [adjective]	supporting	topic:abstract-quality	theme categorization batch
dpa3heuq6k	[volverse] [adjetivo]	[to get] [adjective]	reference	topic:abstract-quality	theme categorization batch
vqbg70cy5y	[ser] invaluable	[to be] invaluable	reference	topic:value-price	theme categorization batch
xefbpao3le	[ser] valioso/a	[to be] valuable	reference	topic:value-price	theme categorization batch
c78n36azdg	[ser] viejo	[to be] old-fashioned	reference	topic:age	theme categorization batch
eupe6m3e72	[tener] éxito	[to be] successful	reference	topic:abstract-quality	theme categorization batch
ap3fcdf0yn	[ser] barato	[to be] inexpensive	reference	topic:value-price	theme categorization batch
489z76bx0v	el/la único/a	the only one	reference	topic:abstract-quality	theme categorization batch
xxxhcllv1y	cada vez más [adjetivo]	more and more [adjective]	reference	topic:abstract-quality	theme categorization batch
wx26juw5jo	peor	worse	reference	topic:abstract-quality	theme categorization batch
qoipe9f8y1	el/la peor	the worst	reference	topic:abstract-quality	theme categorization batch
b9c6haxeit	[ser] misterioso	[to be] mysterious	reference	topic:personality	theme categorization batch
e3c7jcskou	[estar] intacto	[to be] intact	reference	topic:condition-state	theme categorization batch
5u6aa3gj9v	[ser] positivo	[to be] positive	reference	topic:abstract-quality	theme categorization batch
6qecsmji7w	[ser] relativo	[to be] relative	reference	topic:abstract-quality	theme categorization batch
urvm83k2kp	[ser] pasivo	[to be] passive	reference	topic:abstract-quality	theme categorization batch
i326501obr	[ser] delicioso	[to be] delicious	reference	topic:food	theme categorization batch
p8wunl60xz	[ser] estricto	[to be] strict	reference	topic:personality	theme categorization batch
owhh6ipxn8	[ser] curioso	[to be] curious	reference	topic:personality	theme categorization batch
rnoqipnfol	[ser] visible	[to be] visible	reference	topic:abstract-quality	theme categorization batch
143rr1eeol	[ser] creativo	[to be] creative	reference	topic:abstract-quality	theme categorization batch
6zq4o0fq8k	[ser] compacto	[to be] compact	reference	topic:size	theme categorization batch
v4yi7lkme9	[ser] ambicioso	[to be] ambitious	reference	topic:personality	theme categorization batch
msy50nmgrd	[ser] famoso	[to be] famous	reference	topic:abstract-quality	theme categorization batch
9gv9fylzrg	[ser] exclusivo	[to be] exclusive	reference	topic:abstract-quality	theme categorization batch
43d2th257b	[ser] agresivo	[to be] aggressive	reference	topic:abstract-quality	theme categorization batch
0emhxycjtj	[ser] competitivo	[to be] competitive	reference	topic:abstract-quality	theme categorization batch
347wmzzklo	[ser] abstracto	[to be] abstract	reference	topic:abstract-quality	theme categorization batch
yhd56i910e	[ser] exacto	[to be] exact	reference	topic:abstract-quality	theme categorization batch
du3ux0alee	[ser] atractivo	[to be] attractive	reference	topic:abstract-quality	theme categorization batch
8d827bd6xs	[ser] decisivo	[to be] decisive	reference	topic:abstract-quality	theme categorization batch
iqsip03gt7	[ser] económico	[to be] inexpensive	reference	topic:value-price	theme categorization batch
6w10sj4xqg	[ser] invisible	[to be] invisible	reference	topic:abstract-quality	theme categorization batch
k72ybidwuu	[ser] negativo	[to be] negative	reference	topic:abstract-quality	theme categorization batch
xfvz8hc2n8	[estar] activo	[to be] active	reference	topic:emotion-state	theme categorization batch
ae8tffr7z6	[ser] efectivo	[to be] effective	reference	topic:abstract-quality	theme categorization batch
9vkg3r79l9	[ser] económico	[to be] cheap	reference	topic:value-price	theme categorization batch
z15w4qnu5h	[estar] estable	[to be] stable	reference	topic:emotion-state	theme categorization batch
girpyfruhi	claro/a	clear	reference	topic:abstract-quality	theme categorization batch
ssutiy77xr	[estar] presente	[to be] present	reference	topic:abstract-quality	theme categorization batch
j01jlzf7hp	[ser] republicano	[to be] republican	reference	topic:government-politics	theme categorization batch
zdz3qzzhev	[ser] parecido	[to be] similar	reference	topic:abstract-quality	theme categorization batch
2efxip9shx	[ser] puro	[to be] pure	reference	topic:abstract-quality	theme categorization batch
rdb7zojd1h	[ser] especial	[to be] special	reference	topic:abstract-quality	theme categorization batch
zg49xgovha	[ser] numeroso	[to be] numerous	reference	topic:abstract-quality	theme categorization batch
tjfjo5aq4q	[ser] circular	[to be] circular	reference	topic:abstract-quality	theme categorization batch
njm6razd2i	[ser] humano	[to be] human	reference	topic:abstract-quality	theme categorization batch
5hvo5dc978	[ser] excelente	[to be] excellent	reference	topic:abstract-quality	theme categorization batch
irqaxf155b	[ser] popular	[to be] popular	reference	topic:abstract-quality	theme categorization batch
6c6nf7bge8	[ser] religioso	[to be] religious	reference	topic:abstract-quality	theme categorization batch
tqwjc1v3va	[ser] precioso	[to be] precious	reference	topic:abstract-quality	theme categorization batch
8hjai212pn	[ser] urbano	[to be] urban	reference	topic:nationality	theme categorization batch
g3u25v902o	[ser] evidente	[to be] evident	reference	topic:abstract-quality	theme categorization batch
4zm43974xk	[ser] cruel	[to be] cruel	reference	topic:personality	theme categorization batch
58lmgjinrg	[ser] permanente	[to be] permanent	reference	topic:abstract-quality	theme categorization batch
j4qagowky8	[ser] espectacular	[to be] spectacular	reference	topic:abstract-quality	theme categorization batch
mwj16sct56	[estar] nervioso	[to be] nervous	reference	topic:emotion-state	theme categorization batch
w4r0u8dyfd	[ser] regular	[to be] regular	reference	topic:abstract-quality	theme categorization batch
e5d7j5ung7	[ser] inmaduro	[to be] immature	reference	topic:age	theme categorization batch
2mmszukp13	[ser] particular	[to be] particular	reference	topic:abstract-quality	theme categorization batch
jd3ghlvthp	[ser] inteligente	[to be] intelligent	reference	topic:abstract-quality	theme categorization batch
c3t870d60r	[ser] diferente	[to be] different	reference	topic:abstract-quality	theme categorization batch
3nqecw7v9o	[ser] impuro	[to be] impure	reference	topic:abstract-quality	theme categorization batch
zdnyj2otwv	[ser] urgente	[to be] urgent	reference	topic:abstract-quality	theme categorization batch
m0lef4525u	[ser] similar	[to be] similar	reference	topic:abstract-quality	theme categorization batch
me7opeedkf	[estar] bien	[to be] fine	reference	topic:abstract-quality	theme categorization batch
c8ostk5t2j	actualizado/a	current	reference	topic:abstract-quality	theme categorization batch
x9b39jxzcj	[estar] lleno/a	[to be] full	reference	topic:condition-state	theme categorization batch
rbql1uhr3o	[ser] abundante	[to be] abundant	reference	topic:abstract-quality	theme categorization batch
fyvjibhkek	[ser] africano	[to be] African	reference	topic:nationality	theme categorization batch
pnq1l83rfn	fino/a	fine	reference	topic:abstract-quality	theme categorization batch
5op38mdcjt	[ser] americano	[to be] American	reference	topic:nationality	theme categorization batch
30ci3kgq5t	completo/a	full	reference	topic:condition-state	theme categorization batch
nsmzkj2dfj	excelente	great	reference	topic:abstract-quality	theme categorization batch
dzkzgf91ve	gran [sustantivo]	great [noun]	reference	topic:abstract-quality	theme categorization batch
xjc1yslrdv	alto/a	high	reference	topic:abstract-quality	theme categorization batch
bck2ng1flr	elevado/a	high	reference	topic:abstract-quality	theme categorization batch
9nn2ezspjo	[ser] distante	[to be] distant	reference	topic:abstract-quality	theme categorization batch
peqpgwfh34	duro/a	hard	reference	topic:difficulty	theme categorization batch
62eyqkanyd	fallecido/a	late [person]	reference	topic:abstract-quality	theme categorization batch
u3t3siau09	[ser] arrogante	[to be] arrogant	reference	topic:personality	theme categorization batch
8lwxklvlox	[ser] astronómico	[to be] astronomical	reference	topic:abstract-quality	theme categorization batch
cqg6rkqv81	[ser] constante	[to be] constant	reference	topic:abstract-quality	theme categorization batch
egfhp0pogp	[ser] lógico	[to be] logical	reference	topic:abstract-quality	theme categorization batch
noaqpx4pgb	[ser] difícil	[to be] hard	reference	topic:difficulty	theme categorization batch
pzwlgwqlj8	[ser] italiano	[to be] Italian	reference	topic:nationality	theme categorization batch
2gys1beboz	[ser] dominante	[to be] dominant	reference	topic:personality	theme categorization batch
rkyuwye6j0	[ser] tolerante	[to be] tolerant	reference	topic:personality	theme categorization batch
qxaqglea0l	[ser] caro	[to be] dear	reference	topic:abstract-quality	theme categorization batch
ivgg9evica	[ser] importante	[to be] important	reference	topic:abstract-quality	theme categorization batch
cw25uiqi25	[ser] colombiano	[to be] Colombian	reference	topic:nationality	theme categorization batch
pqrq0blgqm	[ser] filosófico	[to be] philosophical	reference	topic:education	theme categorization batch
j1o6zzb447	[ser] tropical	[to be] tropical	reference	topic:abstract-quality	theme categorization batch
4es4xow5j6	[ser] cristiano	[to be] Christian	reference	topic:nationality	theme categorization batch
37mwxw6ctd	[ser] dócil	[to be] docile	reference	topic:personality	theme categorization batch
f8ibc1tkv8	[ser] hostil	[to be] hostile	reference	topic:abstract-quality	theme categorization batch
om7i40mm1h	[ser] frágil	[to be] fragile	reference	topic:abstract-quality	theme categorization batch
m7msmm6idr	[ser] elegante	[to be] elegant	reference	topic:abstract-quality	theme categorization batch
i4p7p3uuv3	[ser] ágil	[to be] agile	reference	topic:abstract-quality	theme categorization batch
r3asilg271	[ser] móvil	[to be] mobile	reference	topic:abstract-quality	theme categorization batch
lll54skgy9	[ser] relevante	[to be] relevant	reference	topic:abstract-quality	theme categorization batch
ccv1nte27w	[ser] práctico	[to be] practical	reference	topic:abstract-quality	theme categorization batch
fp17uyuvne	ya no [tener] hambre	[to be] full	reference	topic:condition-state	theme categorization batch
czbta5pgta	[ser] físico	[to be] physical	reference	topic:abstract-quality	theme categorization batch
iharvjn1av	[ser] ignorante	[to be] ignorant	reference	topic:abstract-quality	theme categorization batch
sp9vpwtyfk	antiguo/a	old	reference	topic:age	theme categorization batch
j689z4o98x	[ser] nacional	[to be] national	reference	topic:government-politics	theme categorization batch
o74dwi1uyi	[ser] secundario	[to be] secondary	reference	topic:abstract-quality	theme categorization batch
h9waqlqv7g	[ser] central	[to be] central	reference	topic:abstract-quality	theme categorization batch
crw3ztzb94	[sentirse] solo/a	[to feel] lonely	reference	topic:emotion-state	theme categorization batch
a81b38vc82	[ser] compatible	[to be] compatible	reference	topic:abstract-quality	theme categorization batch
ahs4zjjduw	[ser] correcto	[to be] correct	reference	topic:abstract-quality	theme categorization batch
b0w5xppllc	nuevo/a	new	supporting	topic:age	theme categorization batch
ja8ns0grc2	otro/a	new [replacement]	reference	topic:age	theme categorization batch
qaybrv5r08	[ser] cultural	[to be] cultural	reference	topic:abstract-quality	theme categorization batch
lpvtgpjs0w	anterior	old [role]	reference	topic:age	theme categorization batch
fbqyznc4nd	[ser] flexible	[to be] flexible	reference	topic:abstract-quality	theme categorization batch
avrrauxv1v	[ser] voluntario	[to be] voluntary	reference	topic:abstract-quality	theme categorization batch
7wsae6ohqh	[ser] original	[to be] original	reference	topic:abstract-quality	theme categorization batch
507mhrp8ij	[ser] probable	[to be] probable	reference	topic:abstract-quality	theme categorization batch
lpp235wcy8	[ser] directo	[to be] direct	reference	topic:abstract-quality	theme categorization batch
wn2nlx3pr4	[ser] terrible	[to be] terrible	reference	topic:abstract-quality	theme categorization batch
8myaw330m4	[ser] volátil	[to be] volatile	reference	topic:abstract-quality	theme categorization batch
3ghllp87eh	[ser] imposible	[to be] impossible	reference	topic:abstract-quality	theme categorization batch
2b1o95ucrf	[ser] ordinario	[to be] ordinary	reference	topic:abstract-quality	theme categorization batch
44vve9o82w	[ser] usual	[to be] usual	reference	topic:abstract-quality	theme categorization batch
sfhkidja4j	[ser] versátil	[to be] versatile	reference	topic:abstract-quality	theme categorization batch
4j667r55mx	[ser] militar	[to be] military	reference	topic:government-politics	theme categorization batch
kkjx3vhw8g	[ser] normal	[to be] normal	reference	topic:abstract-quality	theme categorization batch
gs18hac0wc	[ser] local	[to be] local	reference	topic:nationality	theme categorization batch
i6lgjlsx9i	[ser] estéril	[to be] sterile	reference	topic:abstract-quality	theme categorization batch
wq5dv3uyh9	[ser] global	[to be] global	reference	topic:abstract-quality	theme categorization batch
bh9ac38fba	[ser] horrible	[to be] horrible	reference	topic:abstract-quality	theme categorization batch
x3v3e10qch	[ser] perfecto	[to be] perfect	reference	topic:abstract-quality	theme categorization batch
muzi1uasqh	[ser] posible	[to be] possible	reference	topic:abstract-quality	theme categorization batch
nh051geds0	[ser] responsable	[to be] responsible	reference	topic:abstract-quality	theme categorization batch
n67zgsqzmg	[ser] personal	[to be] personal	reference	topic:abstract-quality	theme categorization batch
wn1qursjo6	[ser] imaginario	[to be] imaginary	reference	topic:abstract-quality	theme categorization batch
kumzijcead	[ser] inflexible	[to be] inflexible	reference	topic:abstract-quality	theme categorization batch
bbisoqgg8n	[ser] primario	[to be] primary	reference	topic:abstract-quality	theme categorization batch
axde5caopx	[ser] internacional	[to be] international	reference	topic:nationality	theme categorization batch
cyv6rdzmdl	[ser] profesional	[to be] professional	reference	topic:abstract-quality	theme categorization batch
9tefge6hdf	[ser] total	[to be] total	reference	topic:abstract-quality	theme categorization batch
9cdw0xvul9	[ser] sólido	[to be] solid	reference	topic:abstract-quality	theme categorization batch
e40ebwunzv	propio/a	own	reference	topic:abstract-quality	theme categorization batch
lhyo4c7kq5	[estar] rígido	[to be] rigid	reference	topic:abstract-quality	theme categorization batch
svclr45ucg	[ser] inevitable	[to be] inevitable	reference	topic:abstract-quality	theme categorization batch
tqam8pmq34	[ser] rápido	[to be] rapid	reference	topic:speed	theme categorization batch
3d0679vask	[ser] admirable	[to be] admirable	reference	topic:abstract-quality	theme categorization batch
l63676rkny	[ser] básico	[to be] basic	reference	topic:abstract-quality	theme categorization batch
jg09lmjqgp	[ser] ilegal	[to be] illegal	reference	topic:crime-law	theme categorization batch
fx314322k9	[ser] contradictorio	[to be] contradictory	reference	topic:abstract-quality	theme categorization batch
pts3pt4ij8	[ser] inocente	[to be] innocent	reference	topic:abstract-quality	theme categorization batch
ujefp33bzw	[ser] mórbido	[to be] morbid	reference	topic:personality	theme categorization batch
ngnaxgltch	[ser] obligatorio	[to be] obligatory	reference	topic:abstract-quality	theme categorization batch
ah4jp71f6u	[ser] tímido	[to be] timid	reference	topic:personality	theme categorization batch
fq2spprggy	[ser] vívido	[to be] vivid	reference	topic:abstract-quality	theme categorization batch
nnudjc6b5v	[ser] exótico	[to be] exotic	reference	topic:abstract-quality	theme categorization batch
npdgmfs94y	[ser] académico	[to be] academic	reference	topic:education	theme categorization batch
7xvxjkvr3p	[ser] válido	[to be] valid	reference	topic:abstract-quality	theme categorization batch
x6fnix25ej	[ser] satisfactorio	[to be] satisfactory	reference	topic:abstract-quality	theme categorization batch
x8gwkzxwfb	[ser] estúpido	[to be] stupid	reference	topic:abstract-quality	theme categorization batch
dd1vvakb0b	[ser] orgánico	[to be] organic	reference	topic:abstract-quality	theme categorization batch
sbwkyg3r6z	[ser] preparatorio	[to be] preparatory	reference	topic:abstract-quality	theme categorization batch
or5vrih2lk	[ser] sensible	[to be] sensitive	reference	topic:personality	theme categorization batch
xxux8bre3d	[ser] específico	[to be] specific	reference	topic:abstract-quality	theme categorization batch
rxikqikf7p	[ser] razonable	[to be] reasonable	reference	topic:abstract-quality	theme categorization batch
wrfnwhtk1u	[ser] científico	[to be] scientific	reference	topic:education	theme categorization batch
5y2p6uljkt	[ser] espléndido	[to be] splendid	reference	topic:abstract-quality	theme categorization batch
roypbmol7h	[ser] favorable	[to be] favorable	reference	topic:abstract-quality	theme categorization batch
45o3rne3ve	[ser] considerable	[to be] considerable	reference	topic:abstract-quality	theme categorization batch
ptb517s9gj	[ser] aceptable	[to be] acceptable	reference	topic:abstract-quality	theme categorization batch
kloirpjzvx	[ser] contable	[to be] countable	reference	topic:abstract-quality	theme categorization batch
7ew1qah5mw	[ser] largo	[to be] lengthy	reference	topic:abstract-quality	theme categorization batch
sxsp9okeyb	[ser] corto	[to be] brief	reference	topic:abstract-quality	theme categorization batch
eumyulu0a5	[ser] juvenil	[to be] youthful	reference	topic:age	theme categorization batch
inefeucgpz	[seguir] sin [algo]	[to remain] [adjective]	reference	topic:abstract-quality	theme categorization batch
du2i421xic	[ser] oscuro	[to be] dark	supporting	topic:abstract-quality	theme categorization batch
5ci6qn0ar4	[permanecer] sentado/a	[to remain] seated	reference	topic:abstract-quality	theme categorization batch
p71stevmcf	[ser] gratuito	[to be] free of charge	reference	topic:value-price	theme categorization batch
jo5vgnadhf	[ser] importante	[to be] major	reference	topic:abstract-quality	theme categorization batch
9sfglbvskv	[ser] incorrecto	[to be] incorrect	reference	topic:abstract-quality	theme categorization batch
0m5xag1eng	[ser] incorrecto	[to be] wrong	reference	topic:abstract-quality	theme categorization batch
lsy4p641mo	[ser] alcanzable	[to be] reachable	reference	topic:abstract-quality	theme categorization batch
eb8k6jseu7	[ser] automático	[to be] automatic	reference	topic:abstract-quality	theme categorization batch
rscmsn8wgt	[ser] correcto	[to be] right	reference	topic:abstract-quality	theme categorization batch
xq3smx6et4	[ser] fácil	[to be] simple	reference	topic:difficulty	theme categorization batch
zogyll26ke	[ser] fácil	[to be] easy	supporting	topic:difficulty	theme categorization batch
xi0bobj4sj	[ser] inalcanzable	[to be] unattainable	reference	topic:abstract-quality	theme categorization batch
sjbeb14kqn	[ser] rápido	[to be] quick	reference	topic:speed	theme categorization batch
554b3zw97r	[ser] electrónico	[to be] electronic	reference	topic:technology	theme categorization batch
a6rp7lkscp	[ser] increíble	[to be] incredible	reference	topic:abstract-quality	theme categorization batch
825356svvc	[ser] económico	[to be] economic	reference	topic:money-business	theme categorization batch
90cs3915m5	[seguir] [adjetivo]	[to remain] [adjective]	reference	topic:abstract-quality	theme categorization batch
s5rh58dybq	[ser] menor de edad	[to be] a minor	reference	topic:abstract-quality	theme categorization batch
5r6yy0jg6s	[ser] pequeño	[to be] little	reference	topic:size	theme categorization batch
cfov50zfzj	[ser] grande	[to be] large	reference	topic:size	theme categorization batch
0ni6dh7b5l	[ser] juntas	[to be] together	reference	topic:abstract-quality	theme categorization batch
tn4zxjyp3o	[ser] lento	[to be] slow	supporting	topic:speed	theme categorization batch
5ozjq6uxr0	[ser] político	[to be] political	reference	topic:abstract-quality	theme categorization batch
ksmdrxloop	[ser] difícil	[to be] difficult	supporting	topic:difficulty	theme categorization batch
xcso0u447l	[ser] histórico	[to be] historic	reference	topic:education	theme categorization batch
v1a7c89j32	[ser] largo	[to be] long	supporting	topic:size	theme categorization batch
g6oc9u02od	[estar] dispuesto a [hacer algo]	[to be] willing to [do something]	reference	topic:abstract-quality	theme categorization batch
c5f9nw0nq0	[estar] junto a [alguien/algo]	[to be] next to [somebody/something]	reference	topic:abstract-quality	theme categorization batch
q8bc2trq23	[estar] lleno de [algo]	[to be] full of [something]	reference	topic:condition-state	theme categorization batch
1ers9if1ue	[estar] juntos	[to be] together	reference	topic:abstract-quality	theme categorization batch
3zfrre4tig	el/la siguiente [algo]	the next [something]	reference	topic:abstract-quality	theme categorization batch
e7mbwuo2sd	el/la siguiente [algo]	the following [something]	reference	topic:abstract-quality	theme categorization batch
p83sgqivs1	[estar] dispuesto a [hacer algo]	[to be] ready to [do something]	reference	topic:condition-state	theme categorization batch
9v5e2r6rkb	[estar] en blanco	[to be] blank	reference	topic:abstract-quality	theme categorization batch
fvrw94ns16	[estar] muerto	[to be] dead	reference	topic:condition-state	theme categorization batch
4z8q6xymuc	[estar] muerto de cansancio	[to be] exhausted	reference	topic:emotion-state	theme categorization batch
jqzuvvlrry	[ser] marcado	[to be] pronounced	reference	topic:abstract-quality	theme categorization batch
ikbozl8fdl	[ser] nuevo en [un lugar]	[to be] new to [a place]	reference	topic:age	theme categorization batch
py3amhoaz5	[estar] lleno	[to be] crowded	reference	topic:condition-state	theme categorization batch
a12miruf57	[estar] disponible	[to be] available	supporting	topic:condition-state	theme categorization batch
47i1df0k0i	[ser] necesario	[to be] necessary	supporting	topic:abstract-quality	theme categorization batch
zghjiilqvy	[estar] solo/a	[to be] alone	reference	topic:emotion-state	theme categorization batch
22w9hcretm	[ser] el/la principal	[to be] foremost	reference	topic:abstract-quality	theme categorization batch
whdxi9dk01	[ser] exterior	[to be] outer	reference	topic:abstract-quality	theme categorization batch
9uy90z13u9	[ser] interno/a	[to be] internal	reference	topic:abstract-quality	theme categorization batch
6ozlz4wrp3	[ser] externo/a	[to be] external	reference	topic:abstract-quality	theme categorization batch
o75m406e73	[ser] interior	[to be] inner	reference	topic:abstract-quality	theme categorization batch
6afpob0j51	[ser] sencillo/a	[to be] straightforward	reference	topic:difficulty	theme categorization batch
c48b9qs6fd	[ser] imprudente	[to be] reckless	reference	topic:personality	theme categorization batch
zv195eq10v	[ser] insignificante	[to be] insignificant	reference	topic:abstract-quality	theme categorization batch
6ittn2yy6r	[estar] prevenido/a	[to be] forearmed	reference	topic:condition-state	theme categorization batch
nc5yb5f5cn	[estar] disponible	[to be] free	reference	topic:value-price	theme categorization batch
lztdsmka37	[ser] diferente	[to be] unlike	reference	topic:abstract-quality	theme categorization batch
dq19hl9yw6	[artículo] [sustantivo] [adjetivo]	[article] [adjective] [noun]	core	topic:abstract-quality	theme categorization batch
46elg5u15i	[ser] [adjetivo]	[to be] [adjective]	core	topic:abstract-quality	theme categorization batch
r9zf5ny811	tan [adjetivo] como	as [adjective] as	supporting	topic:abstract-quality	theme categorization batch
mm9jg6sy57	[sentirse] [adjetivo]	[to feel] [adjective]	core	topic:abstract-quality	theme categorization batch
