MERGE	put	en:put	bare lemma tag, now namespaced
MERGE	estar	es:estar	bare lemma tag, now namespaced
MERGE	take	en:take	bare lemma tag, now namespaced
MERGE	tener	es:tener	bare lemma tag, now namespaced
MERGE	ser	es:ser	bare lemma tag, now namespaced
MERGE	get	en:get	bare lemma tag, now namespaced
MERGE	dejar	es:dejar	bare lemma tag, now namespaced
MERGE	set	en:set	bare lemma tag, now namespaced
MERGE	give	en:give	bare lemma tag, now namespaced
MERGE	en	es:en	bare lemma tag, now namespaced
MERGE	echar	es:echar	bare lemma tag, now namespaced
MERGE	ask	en:ask	bare lemma tag, now namespaced
MERGE	quedar	es:quedar	bare lemma tag, now namespaced
MERGE	tell	en:tell	bare lemma tag, now namespaced
MERGE	make	en:make	bare lemma tag, now namespaced
MERGE	fall	en:fall	bare lemma tag, now namespaced
MERGE	llevar	es:llevar	bare lemma tag, now namespaced
MERGE	conseguir	es:conseguir	bare lemma tag, now namespaced
MERGE	think	en:think	bare lemma tag, now namespaced
MERGE	say	en:say	bare lemma tag, now namespaced
MERGE	pay	en:pay	bare lemma tag, now namespaced
MERGE	traer	es:traer	bare lemma tag, now namespaced
MERGE	leave	en:leave	bare lemma tag, now namespaced
MERGE	talk	en:talk	bare lemma tag, now namespaced
MERGE	mandar	es:mandar	bare lemma tag, now namespaced
MERGE	speak	en:speak	bare lemma tag, now namespaced
MERGE	turn	en:turn	bare lemma tag, now namespaced
MERGE	go	en:go	bare lemma tag, now namespaced
MERGE	llegar	es:llegar	bare lemma tag, now namespaced
MERGE	start	en:start	bare lemma tag, now namespaced
MERGE	catch	en:catch	bare lemma tag, now namespaced
MERGE	drink	en:drink	bare lemma tag, now namespaced
MERGE	parar	es:parar	bare lemma tag, now namespaced
MERGE	look	en:look	bare lemma tag, now namespaced
MERGE	sacar	es:sacar	bare lemma tag, now namespaced
MERGE	send	en:send	bare lemma tag, now namespaced
MERGE	keep	en:keep	bare lemma tag, now namespaced
MERGE	eat	en:eat	bare lemma tag, now namespaced
MERGE	bajar	es:bajar	bare lemma tag, now namespaced
MERGE	let	en:let	bare lemma tag, now namespaced
MERGE	lucir	es:lucir	bare lemma tag, now namespaced
MERGE	pegar	es:pegar	bare lemma tag, now namespaced
MERGE	before	en:before	bare lemma tag, now namespaced
MERGE	apuntar	es:apuntar	bare lemma tag, now namespaced
MERGE	prestar	es:prestar	bare lemma tag, now namespaced
MERGE	meter	es:meter	bare lemma tag, now namespaced
MERGE	marcar	es:marcar	bare lemma tag, now namespaced
MERGE	stop	en:stop	bare lemma tag, now namespaced
MERGE	agree	en:agree	bare lemma tag, now namespaced
MERGE	lend	en:lend	bare lemma tag, now namespaced
MERGE	come	en:come	bare lemma tag, now namespaced
MERGE	acordar	es:acordar	bare lemma tag, now namespaced
MERGE	buy	en:buy	bare lemma tag, now namespaced
MERGE	fit	en:fit	bare lemma tag, now namespaced
MERGE	cambiar	es:cambiar	bare lemma tag, now namespaced
MERGE	soler	es:soler	bare lemma tag, now namespaced
MERGE	run	en:run	bare lemma tag, now namespaced
MERGE	know	en:know	bare lemma tag, now namespaced
MERGE	see	en:see	bare lemma tag, now namespaced
MERGE	lose	en:lose	bare lemma tag, now namespaced
MERGE	throw	en:throw	bare lemma tag, now namespaced
MERGE	build	en:build	bare lemma tag, now namespaced
MERGE	cerrar	es:cerrar	bare lemma tag, now namespaced
MERGE	correr	es:correr	bare lemma tag, now namespaced
MERGE	pick	en:pick	bare lemma tag, now namespaced
MERGE	hold	en:hold	bare lemma tag, now namespaced
MERGE	hard	en:hard	bare lemma tag, now namespaced
MERGE	guardar	es:guardar	bare lemma tag, now namespaced
MERGE	begin	en:begin	bare lemma tag, now namespaced
MERGE	arreglar	es:arreglar	bare lemma tag, now namespaced
MERGE	caber	es:caber	bare lemma tag, now namespaced
MERGE	detener	es:detener	bare lemma tag, now namespaced
MERGE	stand	en:stand	bare lemma tag, now namespaced
MERGE	change	en:change	bare lemma tag, now namespaced
MERGE	devolver	es:devolver	bare lemma tag, now namespaced
MERGE	tirar	es:tirar	bare lemma tag, now namespaced
MERGE	big	en:big	bare lemma tag, now namespaced
MERGE	encender	es:encender	bare lemma tag, now namespaced
MERGE	encontrar	es:encontrar	bare lemma tag, now namespaced
MERGE	enseñar	es:enseñar	bare lemma tag, now namespaced
MERGE	andar	es:andar	bare lemma tag, now namespaced
MERGE	romper	es:romper	bare lemma tag, now namespaced
MERGE	meet	en:meet	bare lemma tag, now namespaced
MERGE	mean	en:mean	bare lemma tag, now namespaced
MERGE	feel	en:feel	bare lemma tag, now namespaced
MERGE	rendir	es:rendir	bare lemma tag, now namespaced
MERGE	spoil	en:spoil	bare lemma tag, now namespaced
MERGE	mostrar	es:mostrar	bare lemma tag, now namespaced
MERGE	despedir	es:despedir	bare lemma tag, now namespaced
MERGE	dirigir	es:dirigir	bare lemma tag, now namespaced
MERGE	aguantar	es:aguantar	bare lemma tag, now namespaced
MERGE	obtener	es:obtener	bare lemma tag, now namespaced
MERGE	offer	en:offer	bare lemma tag, now namespaced
MERGE	ordenar	es:ordenar	bare lemma tag, now namespaced
MERGE	dream	es:dream	bare lemma tag, now namespaced
MERGE	oír	es:oír	bare lemma tag, now namespaced
MERGE	partir	es:partir	bare lemma tag, now namespaced
MERGE	plead	es:plead	bare lemma tag, now namespaced
MERGE	bring	en:bring	bare lemma tag, now namespaced
MERGE	burn	es:burn	bare lemma tag, now namespaced
MERGE	buscar	es:buscar	bare lemma tag, now namespaced
MERGE	provide	en:provide	bare lemma tag, now namespaced
MERGE	entregar	es:entregar	bare lemma tag, now namespaced
MERGE	enviar	es:enviar	bare lemma tag, now namespaced
MERGE	apagar	es:apagar	bare lemma tag, now namespaced
MERGE	aparecer	es:aparecer	bare lemma tag, now namespaced
MERGE	casar	es:casar	bare lemma tag, now namespaced
MERGE	salvar	es:salvar	bare lemma tag, now namespaced
MERGE	sell	en:sell	bare lemma tag, now namespaced
MERGE	sentar	es:sentar	bare lemma tag, now namespaced
MERGE	show	en:show	bare lemma tag, now namespaced
MERGE	smell	es:smell	bare lemma tag, now namespaced
MERGE	sneak	es:sneak	bare lemma tag, now namespaced
MERGE	speed	es:speed	bare lemma tag, now namespaced
MERGE	spell	es:spell	bare lemma tag, now namespaced
MERGE	spill	es:spill	bare lemma tag, now namespaced
MERGE	spit	es:spit	bare lemma tag, now namespaced
MERGE	strive	es:strive	bare lemma tag, now namespaced
MERGE	choose	en:choose	bare lemma tag, now namespaced
MERGE	fine	en:fine	bare lemma tag, now namespaced
MERGE	sweat	es:sweat	bare lemma tag, now namespaced
MERGE	clear	en:clear	bare lemma tag, now namespaced
MERGE	thrive	es:thrive	bare lemma tag, now namespaced
MERGE	clothe	es:clothe	bare lemma tag, now namespaced
MERGE	forget	en:forget	bare lemma tag, now namespaced
MERGE	cobrar	es:cobrar	bare lemma tag, now namespaced
MERGE	gastar	es:gastar	bare lemma tag, now namespaced
MERGE	avisar	es:avisar	bare lemma tag, now namespaced
MERGE	wear	en:wear	bare lemma tag, now namespaced
MERGE	wed	es:wed	bare lemma tag, now namespaced
MERGE	wet	es:wet	bare lemma tag, now namespaced
MERGE	awake	es:awake	bare lemma tag, now namespaced
MERGE	great	en:great	bare lemma tag, now namespaced
MERGE	hang	es:hang	bare lemma tag, now namespaced
MERGE	hear	en:hear	bare lemma tag, now namespaced
MERGE	because	en:because	bare lemma tag, now namespaced
MERGE	jugar	es:jugar	bare lemma tag, now namespaced
MERGE	kneel	es:kneel	bare lemma tag, now namespaced
MERGE	knit	es:knit	bare lemma tag, now namespaced
MERGE	current	en:current	bare lemma tag, now namespaced
MERGE	lean	es:lean	bare lemma tag, now namespaced
MERGE	leap	es:leap	bare lemma tag, now namespaced
MERGE	learn	es:learn	bare lemma tag, now namespaced
MERGE	light	es:light	bare lemma tag, now namespaced
MERGE	lograr	es:lograr	bare lemma tag, now namespaced
MERGE	mantener	es:mantener	bare lemma tag, now namespaced
MERGE	miss	en:miss	bare lemma tag, now namespaced
MERGE	become	en:become	bare lemma tag, now namespaced
MERGE	regresar	es:regresar	bare lemma tag, now namespaced
MERGE	win	en:win	bare lemma tag, now namespaced
MERGE	stay	en:stay	bare lemma tag, now namespaced
MERGE	matar	es:matar	bare lemma tag, now namespaced
MERGE	lie	es:lie	bare lemma tag, now namespaced
MERGE	break	en:break	bare lemma tag, now namespaced
MERGE	full	en:full	bare lemma tag, now namespaced
MERGE	pass	en:pass	bare lemma tag, now namespaced
MERGE	bid	es:bid	bare lemma tag, now namespaced
MERGE	stink	es:stink	bare lemma tag, now namespaced
MERGE	dive	es:dive	bare lemma tag, now namespaced
MERGE	owe	en:owe	bare lemma tag, now namespaced
MERGE	averiguar	es:averiguar	bare lemma tag, now namespaced
MERGE	vender	es:vender	bare lemma tag, now namespaced
MERGE	write	en:write	bare lemma tag, now namespaced
MERGE	achieve	en:achieve	bare lemma tag, now namespaced
MERGE	ayudar	es:ayudar	bare lemma tag, now namespaced
MERGE	prove	es:prove	bare lemma tag, now namespaced
MERGE	sew	es:sew	bare lemma tag, now namespaced
MERGE	burst	en:burst	bare lemma tag, now namespaced
MERGE	shave	es:shave	bare lemma tag, now namespaced
MERGE	play	en:play	bare lemma tag, now namespaced
MERGE	require	en:require	bare lemma tag, now namespaced
MERGE	help	en:help	bare lemma tag, now namespaced
MERGE	here	en:here	bare lemma tag, now namespaced
MERGE	lay	en:lay	bare lemma tag, now namespaced
MERGE	shrink	es:shrink	bare lemma tag, now namespaced
MERGE	shut	en:shut	bare lemma tag, now namespaced
MERGE	wake	en:wake	bare lemma tag, now namespaced
MERGE	swell	es:swell	bare lemma tag, now namespaced
MERGE	tear	en:tear	bare lemma tag, now namespaced
MERGE	sink	es:sink	bare lemma tag, now namespaced
MERGE	hope	en:hope	bare lemma tag, now namespaced
MERGE	sit	en:sit	bare lemma tag, now namespaced
MERGE	sleep	es:sleep	bare lemma tag, now namespaced
MERGE	entender	es:entender	bare lemma tag, now namespaced
MERGE	watch	en:watch	bare lemma tag, now namespaced
MERGE	enough	en:enough	bare lemma tag, now namespaced
MERGE	lead	en:lead	bare lemma tag, now namespaced
MERGE	spring	es:spring	bare lemma tag, now namespaced
MERGE	tread	es:tread	bare lemma tag, now namespaced
MERGE	ofrecer	es:ofrecer	bare lemma tag, now namespaced
MERGE	bear	es:bear	bare lemma tag, now namespaced
MERGE	find	en:find	bare lemma tag, now namespaced
MERGE	sow	es:sow	bare lemma tag, now namespaced
MERGE	rid	es:rid	bare lemma tag, now namespaced
MERGE	difficult	en:difficult	bare lemma tag, now namespaced
MERGE	rise	es:rise	bare lemma tag, now namespaced
MERGE	después	es:después	bare lemma tag, now namespaced
MERGE	despite	en:despite	bare lemma tag, now namespaced
MERGE	spend	en:spend	bare lemma tag, now namespaced
MERGE	mow	es:mow	bare lemma tag, now namespaced
MERGE	dig	es:dig	bare lemma tag, now namespaced
MERGE	bet	es:bet	bare lemma tag, now namespaced
MERGE	grind	es:grind	bare lemma tag, now namespaced
MERGE	wind	es:wind	bare lemma tag, now namespaced
MERGE	grow	es:grow	bare lemma tag, now namespaced
MERGE	easy	en:easy	bare lemma tag, now namespaced
MERGE	comprar	es:comprar	bare lemma tag, now namespaced
MERGE	bleed	es:bleed	bare lemma tag, now namespaced
MERGE	happen	en:happen	bare lemma tag, now namespaced
MERGE	happy	en:happy	bare lemma tag, now namespaced
MERGE	broadcast	es:broadcast	bare lemma tag, now namespaced
MERGE	due	en:due	bare lemma tag, now namespaced
MERGE	hate	en:hate	bare lemma tag, now namespaced
MERGE	mirar	es:mirar	bare lemma tag, now namespaced
MERGE	hide	es:hide	bare lemma tag, now namespaced
MERGE	hit	es:hit	bare lemma tag, now namespaced
MERGE	breed	es:breed	bare lemma tag, now namespaced
MERGE	bastar	es:bastar	bare lemma tag, now namespaced
MERGE	spin	es:spin	bare lemma tag, now namespaced
MERGE	igual	es:igual	bare lemma tag, now namespaced
MERGE	important	en:important	bare lemma tag, now namespaced
MERGE	consulta	es:consulta	bare lemma tag, now namespaced
MERGE	continue	en:continue	bare lemma tag, now namespaced
MERGE	beat	es:beat	bare lemma tag, now namespaced
MERGE	drive	es:drive	bare lemma tag, now namespaced
MERGE	blame	en:blame	bare lemma tag, now namespaced
MERGE	creep	es:creep	bare lemma tag, now namespaced
MERGE	is	en:is	bare lemma tag, now namespaced
MERGE	cross	en:cross	bare lemma tag, now namespaced
MERGE	just	en:just	bare lemma tag, now namespaced
MERGE	antiguo	es:antiguo	bare lemma tag, now namespaced
MERGE	dentro	es:dentro	bare lemma tag, now namespaced
MERGE	bite	es:bite	bare lemma tag, now namespaced
MERGE	large	en:large	bare lemma tag, now namespaced
MERGE	draw	es:draw	bare lemma tag, now namespaced
MERGE	según	es:según	bare lemma tag, now namespaced
MERGE	cut	es:cut	bare lemma tag, now namespaced
MERGE	seek	es:seek	bare lemma tag, now namespaced
MERGE	secure	en:secure	bare lemma tag, now namespaced
MERGE	shake	es:shake	bare lemma tag, now namespaced
MERGE	shed	es:shed	bare lemma tag, now namespaced
MERGE	shine	es:shine	bare lemma tag, now namespaced
MERGE	second	en:second	bare lemma tag, now namespaced
MERGE	shoot	es:shoot	bare lemma tag, now namespaced
MERGE	cast	es:cast	bare lemma tag, now namespaced
MERGE	since	en:since	bare lemma tag, now namespaced
MERGE	sing	es:sing	bare lemma tag, now namespaced
MERGE	sino	es:sino	bare lemma tag, now namespaced
MERGE	slide	es:slide	bare lemma tag, now namespaced
MERGE	slow	en:slow	bare lemma tag, now namespaced
MERGE	deal	es:deal	bare lemma tag, now namespaced
MERGE	casi	es:casi	bare lemma tag, now namespaced
MERGE	solicitud	es:solicitud	bare lemma tag, now namespaced
MERGE	cheap	en:cheap	bare lemma tag, now namespaced
MERGE	fast	en:fast	bare lemma tag, now namespaced
MERGE	sort	en:sort	bare lemma tag, now namespaced
MERGE	safe	en:safe	bare lemma tag, now namespaced
MERGE	feed	es:feed	bare lemma tag, now namespaced
MERGE	hurt	es:hurt	bare lemma tag, now namespaced
MERGE	or	en:or	bare lemma tag, now namespaced
MERGE	split	es:split	bare lemma tag, now namespaced
MERGE	ring	es:ring	bare lemma tag, now namespaced
MERGE	spread	es:spread	bare lemma tag, now namespaced
MERGE	ride	es:ride	bare lemma tag, now namespaced
MERGE	steal	es:steal	bare lemma tag, now namespaced
MERGE	stick	es:stick	bare lemma tag, now namespaced
MERGE	sting	es:sting	bare lemma tag, now namespaced
MERGE	stride	es:stride	bare lemma tag, now namespaced
MERGE	strike	es:strike	bare lemma tag, now namespaced
MERGE	string	es:string	bare lemma tag, now namespaced
MERGE	only	en:only	bare lemma tag, now namespaced
MERGE	bend	es:bend	bare lemma tag, now namespaced
MERGE	fight	es:fight	bare lemma tag, now namespaced
MERGE	decide	en:decide	bare lemma tag, now namespaced
MERGE	swear	es:swear	bare lemma tag, now namespaced
MERGE	often	en:often	bare lemma tag, now namespaced
MERGE	sweep	es:sweep	bare lemma tag, now namespaced
MERGE	swim	es:swim	bare lemma tag, now namespaced
MERGE	swing	es:swing	bare lemma tag, now namespaced
MERGE	even	en:even	bare lemma tag, now namespaced
MERGE	address	en:address	bare lemma tag, now namespaced
MERGE	tardar	es:tardar	bare lemma tag, now namespaced
MERGE	cling	es:cling	bare lemma tag, now namespaced
MERGE	teach	es:teach	bare lemma tag, now namespaced
MERGE	realize	en:realize	bare lemma tag, now namespaced
MERGE	read	es:read	bare lemma tag, now namespaced
MERGE	flee	es:flee	bare lemma tag, now namespaced
MERGE	bind	es:bind	bare lemma tag, now namespaced
MERGE	fling	es:fling	bare lemma tag, now namespaced
MERGE	rapid	en:rapid	bare lemma tag, now namespaced
MERGE	thrust	es:thrust	bare lemma tag, now namespaced
MERGE	tidy	en:tidy	bare lemma tag, now namespaced
MERGE	quit	es:quit	bare lemma tag, now namespaced
MERGE	are	en:are	bare lemma tag, now namespaced
MERGE	fly	es:fly	bare lemma tag, now namespaced
MERGE	quick	en:quick	bare lemma tag, now namespaced
MERGE	forbid	es:forbid	bare lemma tag, now namespaced
MERGE	encantar	es:encantar	bare lemma tag, now namespaced
MERGE	forgive	es:forgive	bare lemma tag, now namespaced
MERGE	understand	es:understand	bare lemma tag, now namespaced
MERGE	blow	es:blow	bare lemma tag, now namespaced
MERGE	freeze	es:freeze	bare lemma tag, now namespaced
MERGE	funny	en:funny	bare lemma tag, now namespaced
MERGE	desde	es:desde	bare lemma tag, now namespaced
MERGE	elegir	es:elegir	bare lemma tag, now namespaced
MERGE	good	en:good	bare lemma tag, now namespaced
MERGE	either	en:either	bare lemma tag, now namespaced
MERGE	notice	en:notice	bare lemma tag, now namespaced
MERGE	weave	es:weave	bare lemma tag, now namespaced
MERGE	arise	es:arise	bare lemma tag, now namespaced
MERGE	weep	es:weep	bare lemma tag, now namespaced
MERGE	único	es:único	bare lemma tag, now namespaced
MERGE	aceptar	es:aceptar	bare lemma tag, now namespaced
MERGE	acquaintance	en:acquaintance	bare lemma tag, now namespaced
MERGE	acá	es:acá	bare lemma tag, now namespaced
MERGE	add	en:add	bare lemma tag, now namespaced
MERGE	además	es:además	bare lemma tag, now namespaced
MERGE	admitir	es:admitir	bare lemma tag, now namespaced
MERGE	ago	en:ago	bare lemma tag, now namespaced
MERGE	aim	en:aim	bare lemma tag, now namespaced
MERGE	ambos	es:ambos	bare lemma tag, now namespaced
MERGE	another	en:another	bare lemma tag, now namespaced
MERGE	ante	es:ante	bare lemma tag, now namespaced
MERGE	anterior	es:anterior	bare lemma tag, now namespaced
MERGE	anymore	en:anymore	bare lemma tag, now namespaced
MERGE	anytime	en:anytime	bare lemma tag, now namespaced
MERGE	apologize	en:apologize	bare lemma tag, now namespaced
MERGE	apply	en:apply	bare lemma tag, now namespaced
MERGE	aquí	es:aquí	bare lemma tag, now namespaced
MERGE	arrancar	es:arrancar	bare lemma tag, now namespaced
MERGE	arrest	en:arrest	bare lemma tag, now namespaced
MERGE	asegurar	es:asegurar	bare lemma tag, now namespaced
MERGE	atrapar	es:atrapar	bare lemma tag, now namespaced
MERGE	aumentar	es:aumentar	bare lemma tag, now namespaced
MERGE	aunque	es:aunque	bare lemma tag, now namespaced
MERGE	authorize	en:authorize	bare lemma tag, now namespaced
MERGE	available	en:available	bare lemma tag, now namespaced
MERGE	avoid	en:avoid	bare lemma tag, now namespaced
MERGE	beg	en:beg	bare lemma tag, now namespaced
MERGE	benefit	en:benefit	bare lemma tag, now namespaced
MERGE	bless	en:bless	bare lemma tag, now namespaced
MERGE	block	en:block	bare lemma tag, now namespaced
MERGE	book	en:book	bare lemma tag, now namespaced
MERGE	borrow	en:borrow	bare lemma tag, now namespaced
MERGE	brindar	es:brindar	bare lemma tag, now namespaced
MERGE	cada	es:cada	bare lemma tag, now namespaced
MERGE	calcular	es:calcular	bare lemma tag, now namespaced
MERGE	cambio	es:cambio	bare lemma tag, now namespaced
MERGE	can't	en:can't	bare lemma tag, now namespaced
MERGE	cannot	en:cannot	bare lemma tag, now namespaced
MERGE	claro	es:claro	bare lemma tag, now namespaced
MERGE	coincidir	es:coincidir	bare lemma tag, now namespaced
MERGE	comenzar	es:comenzar	bare lemma tag, now namespaced
MERGE	comparecer	es:comparecer	bare lemma tag, now namespaced
MERGE	completo	es:completo	bare lemma tag, now namespaced
MERGE	comunicar	es:comunicar	bare lemma tag, now namespaced
MERGE	consider	en:consider	bare lemma tag, now namespaced
MERGE	construir	es:construir	bare lemma tag, now namespaced
MERGE	contradict	en:contradict	bare lemma tag, now namespaced
MERGE	convencer	es:convencer	bare lemma tag, now namespaced
MERGE	corriente	es:corriente	bare lemma tag, now namespaced
MERGE	couldn't	en:couldn't	bare lemma tag, now namespaced
MERGE	cruzar	es:cruzar	bare lemma tag, now namespaced
MERGE	cualquiera	es:cualquiera	bare lemma tag, now namespaced
MERGE	curse	en:curse	bare lemma tag, now namespaced
MERGE	debido	es:debido	bare lemma tag, now namespaced
MERGE	decline	en:decline	bare lemma tag, now namespaced
MERGE	deliver	en:deliver	bare lemma tag, now namespaced
MERGE	demand	en:demand	bare lemma tag, now namespaced
MERGE	depender	es:depender	bare lemma tag, now namespaced
MERGE	desarrollar	es:desarrollar	bare lemma tag, now namespaced
MERGE	detain	en:detain	bare lemma tag, now namespaced
MERGE	detrás	es:detrás	bare lemma tag, now namespaced
MERGE	didn't	en:didn't	bare lemma tag, now namespaced
MERGE	disgust	en:disgust	bare lemma tag, now namespaced
MERGE	doesn't	en:doesn't	bare lemma tag, now namespaced
MERGE	done	en:done	bare lemma tag, now namespaced
MERGE	dos	es:dos	bare lemma tag, now namespaced
MERGE	drinkable	en:drinkable	bare lemma tag, now namespaced
MERGE	drinker	en:drinker	bare lemma tag, now namespaced
MERGE	drop	en:drop	bare lemma tag, now namespaced
MERGE	durante	es:durante	bare lemma tag, now namespaced
MERGE	duro	es:duro	bare lemma tag, now namespaced
MERGE	each	en:each	bare lemma tag, now namespaced
MERGE	edible	en:edible	bare lemma tag, now namespaced
MERGE	elevado	es:elevado	bare lemma tag, now namespaced
MERGE	ella	es:ella	bare lemma tag, now namespaced
MERGE	ellas	es:ellas	bare lemma tag, now namespaced
MERGE	ello	es:ello	bare lemma tag, now namespaced
MERGE	ellos	es:ellos	bare lemma tag, now namespaced
MERGE	embarrass	en:embarrass	bare lemma tag, now namespaced
MERGE	empower	en:empower	bare lemma tag, now namespaced
MERGE	enjoy	en:enjoy	bare lemma tag, now namespaced
MERGE	establecer	es:establecer	bare lemma tag, now namespaced
MERGE	ex	es:ex	bare lemma tag, now namespaced
MERGE	excelente	es:excelente	bare lemma tag, now namespaced
MERGE	exchange	en:exchange	bare lemma tag, now namespaced
MERGE	exigir	es:exigir	bare lemma tag, now namespaced
MERGE	expense	en:expense	bare lemma tag, now namespaced
MERGE	face	en:face	bare lemma tag, now namespaced
MERGE	fade	en:fade	bare lemma tag, now namespaced
MERGE	fail	en:fail	bare lemma tag, now namespaced
MERGE	familiar	en:familiar	bare lemma tag, now namespaced
MERGE	fewer	en:fewer	bare lemma tag, now namespaced
MERGE	fino	es:fino	bare lemma tag, now namespaced
MERGE	fire	en:fire	bare lemma tag, now namespaced
MERGE	first	en:first	bare lemma tag, now namespaced
MERGE	flip	en:flip	bare lemma tag, now namespaced
MERGE	formar	es:formar	bare lemma tag, now namespaced
MERGE	genial	es:genial	bare lemma tag, now namespaced
MERGE	given	en:given	bare lemma tag, now namespaced
MERGE	giver	en:giver	bare lemma tag, now namespaced
MERGE	gotta	en:gotta	bare lemma tag, now namespaced
MERGE	gran	es:gran	bare lemma tag, now namespaced
MERGE	had	en:had	bare lemma tag, now namespaced
MERGE	has	en:has	bare lemma tag, now namespaced
MERGE	hasta	es:hasta	bare lemma tag, now namespaced
MERGE	haven't	en:haven't	bare lemma tag, now namespaced
MERGE	hour	en:hour	bare lemma tag, now namespaced
MERGE	importar	es:importar	bare lemma tag, now namespaced
MERGE	include	en:include	bare lemma tag, now namespaced
MERGE	inquiry	en:inquiry	bare lemma tag, now namespaced
MERGE	insert	en:insert	bare lemma tag, now namespaced
MERGE	intend	en:intend	bare lemma tag, now namespaced
MERGE	intentar	es:intentar	bare lemma tag, now namespaced
MERGE	interfere	en:interfere	bare lemma tag, now namespaced
MERGE	involve	en:involve	bare lemma tag, now namespaced
MERGE	join	en:join	bare lemma tag, now namespaced
MERGE	kick	en:kick	bare lemma tag, now namespaced
MERGE	kill	en:kill	bare lemma tag, now namespaced
MERGE	knock	en:knock	bare lemma tag, now namespaced
MERGE	last	en:last	bare lemma tag, now namespaced
MERGE	latest	en:latest	bare lemma tag, now namespaced
MERGE	le	es:le	bare lemma tag, now namespaced
MERGE	les	es:les	bare lemma tag, now namespaced
MERGE	less	en:less	bare lemma tag, now namespaced
MERGE	listed	en:listed	bare lemma tag, now namespaced
MERGE	log	en:log	bare lemma tag, now namespaced
MERGE	maintain	en:maintain	bare lemma tag, now namespaced
MERGE	matter	en:matter	bare lemma tag, now namespaced
MERGE	me	es:me	bare lemma tag, now namespaced
MERGE	meal	en:meal	bare lemma tag, now namespaced
MERGE	midnight	en:midnight	bare lemma tag, now namespaced
MERGE	minute	en:minute	bare lemma tag, now namespaced
MERGE	move	en:move	bare lemma tag, now namespaced
MERGE	much	en:much	bare lemma tag, now namespaced
MERGE	multa	es:multa	bare lemma tag, now namespaced
MERGE	mustn't	en:mustn't	bare lemma tag, now namespaced
MERGE	name	en:name	bare lemma tag, now namespaced
MERGE	needa	en:needa	bare lemma tag, now namespaced
MERGE	neither	en:neither	bare lemma tag, now namespaced
MERGE	ninguno	es:ninguno	bare lemma tag, now namespaced
MERGE	noon	en:noon	bare lemma tag, now namespaced
MERGE	nos	es:nos	bare lemma tag, now namespaced
MERGE	nosotras	es:nosotras	bare lemma tag, now namespaced
MERGE	nosotros	es:nosotros	bare lemma tag, now namespaced
MERGE	nunca	es:nunca	bare lemma tag, now namespaced
MERGE	obtain	en:obtain	bare lemma tag, now namespaced
MERGE	ocupar	es:ocupar	bare lemma tag, now namespaced
MERGE	ought	en:ought	bare lemma tag, now namespaced
MERGE	overlook	en:overlook	bare lemma tag, now namespaced
MERGE	owner	en:owner	bare lemma tag, now namespaced
MERGE	ownership	en:ownership	bare lemma tag, now namespaced
MERGE	permanecer	es:permanecer	bare lemma tag, now namespaced
MERGE	permitir	es:permitir	bare lemma tag, now namespaced
MERGE	pero	es:pero	bare lemma tag, now namespaced
MERGE	plan	en:plan	bare lemma tag, now namespaced
MERGE	point	en:point	bare lemma tag, now namespaced
MERGE	porque	es:porque	bare lemma tag, now namespaced
MERGE	posterior	es:posterior	bare lemma tag, now namespaced
MERGE	postulación	es:postulación	bare lemma tag, now namespaced
MERGE	pour	en:pour	bare lemma tag, now namespaced
MERGE	practically	en:practically	bare lemma tag, now namespaced
MERGE	predict	en:predict	bare lemma tag, now namespaced
MERGE	prefer	en:prefer	bare lemma tag, now namespaced
MERGE	preocupar	es:preocupar	bare lemma tag, now namespaced
MERGE	press	en:press	bare lemma tag, now namespaced
MERGE	primero	es:primero	bare lemma tag, now namespaced
MERGE	procesar	es:procesar	bare lemma tag, now namespaced
MERGE	propiedad	es:propiedad	bare lemma tag, now namespaced
MERGE	propio	es:propio	bare lemma tag, now namespaced
MERGE	proponer	es:proponer	bare lemma tag, now namespaced
MERGE	prácticamente	es:prácticamente	bare lemma tag, now namespaced
MERGE	pues	es:pues	bare lemma tag, now namespaced
MERGE	pull	en:pull	bare lemma tag, now namespaced
MERGE	query	en:query	bare lemma tag, now namespaced
MERGE	receive	en:receive	bare lemma tag, now namespaced
MERGE	recommend	en:recommend	bare lemma tag, now namespaced
MERGE	reconcile	en:reconcile	bare lemma tag, now namespaced
MERGE	reembolsar	es:reembolsar	bare lemma tag, now namespaced
MERGE	refer	en:refer	bare lemma tag, now namespaced
MERGE	refund	en:refund	bare lemma tag, now namespaced
MERGE	rely	en:rely	bare lemma tag, now namespaced
MERGE	remember	en:remember	bare lemma tag, now namespaced
MERGE	remind	en:remind	bare lemma tag, now namespaced
MERGE	remove	en:remove	bare lemma tag, now namespaced
MERGE	requerir	es:requerir	bare lemma tag, now namespaced
MERGE	resfriar	es:resfriar	bare lemma tag, now namespaced
MERGE	ruin	en:ruin	bare lemma tag, now namespaced
MERGE	saldar	es:saldar	bare lemma tag, now namespaced
MERGE	saying	en:saying	bare lemma tag, now namespaced
MERGE	scare	en:scare	bare lemma tag, now namespaced
MERGE	scope	en:scope	bare lemma tag, now namespaced
MERGE	search	en:search	bare lemma tag, now namespaced
MERGE	ship	en:ship	bare lemma tag, now namespaced
MERGE	sign	en:sign	bare lemma tag, now namespaced
MERGE	sometimes	en:sometimes	bare lemma tag, now namespaced
MERGE	sorprender	es:sorprender	bare lemma tag, now namespaced
MERGE	speaker	en:speaker	bare lemma tag, now namespaced
MERGE	speech	en:speech	bare lemma tag, now namespaced
MERGE	struggle	en:struggle	bare lemma tag, now namespaced
MERGE	suficiente	es:suficiente	bare lemma tag, now namespaced
MERGE	suggest	en:suggest	bare lemma tag, now namespaced
MERGE	sunset	en:sunset	bare lemma tag, now namespaced
MERGE	talkative	en:talkative	bare lemma tag, now namespaced
MERGE	tampoco	es:tampoco	bare lemma tag, now namespaced
MERGE	te	es:te	bare lemma tag, now namespaced
MERGE	than	en:than	bare lemma tag, now namespaced
MERGE	third	en:third	bare lemma tag, now namespaced
MERGE	throughout	en:throughout	bare lemma tag, now namespaced
MERGE	too	en:too	bare lemma tag, now namespaced
MERGE	toss	en:toss	bare lemma tag, now namespaced
MERGE	tras	es:tras	bare lemma tag, now namespaced
MERGE	tu	es:tu	bare lemma tag, now namespaced
MERGE	tú	es:tú	bare lemma tag, now namespaced
MERGE	unless	en:unless	bare lemma tag, now namespaced
MERGE	unspeakable	en:unspeakable	bare lemma tag, now namespaced
MERGE	upon	en:upon	bare lemma tag, now namespaced
MERGE	usted	es:usted	bare lemma tag, now namespaced
MERGE	ustedes	es:ustedes	bare lemma tag, now namespaced
MERGE	vacante	es:vacante	bare lemma tag, now namespaced
MERGE	very	en:very	bare lemma tag, now namespaced
MERGE	viejo	es:viejo	bare lemma tag, now namespaced
MERGE	visit	en:visit	bare lemma tag, now namespaced
MERGE	volunteer	en:volunteer	bare lemma tag, now namespaced
MERGE	wanna	en:wanna	bare lemma tag, now namespaced
MERGE	warn	en:warn	bare lemma tag, now namespaced
MERGE	waste	en:waste	bare lemma tag, now namespaced
MERGE	which	en:which	bare lemma tag, now namespaced
MERGE	while	en:while	bare lemma tag, now namespaced
MERGE	why	en:why	bare lemma tag, now namespaced
MERGE	won't	en:won't	bare lemma tag, now namespaced
MERGE	wonder	en:wonder	bare lemma tag, now namespaced
MERGE	worse	en:worse	bare lemma tag, now namespaced
MERGE	worst	en:worst	bare lemma tag, now namespaced
MERGE	worth	en:worth	bare lemma tag, now namespaced
MERGE	wouldn't	en:wouldn't	bare lemma tag, now namespaced
MERGE	yo	es:yo	bare lemma tag, now namespaced
MERGE	él	es:él	bare lemma tag, now namespaced
MERGE	éxito	es:éxito	bare lemma tag, now namespaced
MERGE	último	es:último	bare lemma tag, now namespaced
MERGE	abandon	en:abandon	bare lemma tag, now namespaced
