63ojew9r4f	tu	your	core	pos:determiner	was tagged pos:function-word instead of pos:determiner despite carrying a determiner grammar: tag
i5ji4776n8	mi	my	core	pos:determiner	was tagged pos:function-word instead of pos:determiner despite carrying a determiner grammar: tag
ozvruwn0tu	mis	my	supporting	pos:determiner	was tagged pos:function-word instead of pos:determiner despite carrying a determiner grammar: tag
7fi9enfd3m	su	his	core	pos:determiner	was tagged pos:function-word instead of pos:determiner despite carrying a determiner grammar: tag
ibkymsd9ln	su	its	reference	pos:determiner	was tagged pos:function-word instead of pos:determiner despite carrying a determiner grammar: tag
29p1fsasc0	su	their	core	pos:determiner	was tagged pos:function-word instead of pos:determiner despite carrying a determiner grammar: tag
yfn0j25sta	su	your	supporting	pos:determiner	was tagged pos:function-word instead of pos:determiner despite carrying a determiner grammar: tag
2x72difo4k	sus	their	supporting	pos:determiner	was tagged pos:function-word instead of pos:determiner despite carrying a determiner grammar: tag
b1tz89cfx9	estos	these	core	pos:determiner	was tagged pos:function-word instead of pos:determiner despite carrying a determiner grammar: tag
y4l2k7yytm	estas	these	core	pos:determiner	was tagged pos:function-word instead of pos:determiner despite carrying a determiner grammar: tag
ovsfppuo3l	esos	those	core	pos:determiner	was tagged pos:function-word instead of pos:determiner despite carrying a determiner grammar: tag
1t1daklv4a	esas	those	core	pos:determiner	was tagged pos:function-word instead of pos:determiner despite carrying a determiner grammar: tag
umr08lge2h	nuestros	our	supporting	pos:determiner	was tagged pos:function-word instead of pos:determiner despite carrying a determiner grammar: tag
1wszj3edq2	nuestras	our	supporting	pos:determiner	was tagged pos:function-word instead of pos:determiner despite carrying a determiner grammar: tag
x3zp11ybbf	nuestro	our	supporting	pos:determiner	was tagged pos:function-word instead of pos:determiner despite carrying a determiner grammar: tag
11uupaj41k	nuestra	our	supporting	pos:determiner	was tagged pos:function-word instead of pos:determiner despite carrying a determiner grammar: tag
7gl5vz7uo4	tus	your	supporting	pos:determiner	was tagged pos:function-word instead of pos:determiner despite carrying a determiner grammar: tag
bu8oynmlvn	aquellos	those	reference	pos:determiner	was tagged pos:function-word instead of pos:determiner despite carrying a determiner grammar: tag
xs6r1zkgev	aquellas	those	reference	pos:determiner	was tagged pos:function-word instead of pos:determiner despite carrying a determiner grammar: tag
538wpaef6k	sus	her	reference	pos:determiner	was tagged pos:function-word instead of pos:determiner despite carrying a determiner grammar: tag
a3h0h1dazt	aquel	that	reference	pos:determiner	was tagged pos:function-word instead of pos:determiner despite carrying a determiner grammar: tag
19gmw1bjnf	aquella	that	reference	pos:determiner	was tagged pos:function-word instead of pos:determiner despite carrying a determiner grammar: tag
aq3ynjbhjm	sus	his	reference	pos:determiner	was tagged pos:function-word instead of pos:determiner despite carrying a determiner grammar: tag
m2m07p7uo1	sus	its	reference	pos:determiner	was tagged pos:function-word instead of pos:determiner despite carrying a determiner grammar: tag
ytve9np7hs	sus	your	reference	pos:determiner	was tagged pos:function-word instead of pos:determiner despite carrying a determiner grammar: tag
s1bonkmflq	su	her	core	pos:determiner	was tagged pos:function-word instead of pos:determiner despite carrying a determiner grammar: tag
zravwibucz	una	a	core	pos:determiner	was tagged pos:function-word instead of pos:determiner despite carrying a determiner grammar: tag
h3dls06wui	cuyo [sustantivo]	whose [noun]	reference	pos:determiner	was tagged pos:function-word instead of pos:determiner despite carrying a determiner grammar: tag
ltn8hqdpls	cuya [sustantivo]	whose [noun]	reference	pos:determiner	was tagged pos:function-word instead of pos:determiner despite carrying a determiner grammar: tag
pokaqu3651	cuyos [sustantivos]	whose [nouns]	reference	pos:determiner	was tagged pos:function-word instead of pos:determiner despite carrying a determiner grammar: tag
cqps4njuot	cuyas [sustantivos]	whose [nouns]	reference	pos:determiner	was tagged pos:function-word instead of pos:determiner despite carrying a determiner grammar: tag
8jv3otkqa7	un	a	core	pos:determiner	was tagged pos:function-word instead of pos:determiner despite carrying a determiner grammar: tag
8xn53vk9eu	unos	some	supporting	pos:determiner	was tagged pos:function-word instead of pos:determiner despite carrying a determiner grammar: tag
q7u2j5qnks	unas	some	supporting	pos:determiner	was tagged pos:function-word instead of pos:determiner despite carrying a determiner grammar: tag
q9x6f0ze09	lo [adjetivo]	the [adjective] thing	supporting	pos:determiner	was tagged pos:function-word instead of pos:determiner despite carrying a determiner grammar: tag
nlbaeg9xqs	del	of the	core	pos:determiner	was tagged pos:function-word instead of pos:determiner despite carrying a determiner grammar: tag
65xbrzcund	qué [sustantivo]	what [noun]	core	pos:determiner	was tagged pos:function-word instead of pos:determiner despite carrying a determiner grammar: tag
jwh08a61ig	cuánto [sustantivo]	how much [noun]	supporting	pos:determiner	was tagged pos:function-word instead of pos:determiner despite carrying a determiner grammar: tag
t6r7hdgwhb	cuánta [sustantivo]	how much [noun]	supporting	pos:determiner	was tagged pos:function-word instead of pos:determiner despite carrying a determiner grammar: tag
mcumr0ly9e	al	to the	core	pos:determiner	was tagged pos:function-word instead of pos:determiner despite carrying a determiner grammar: tag
0tty2mfina	este	this	core	pos:determiner	was tagged pos:function-word instead of pos:determiner despite carrying a determiner grammar: tag
7hfg12h8br	esta	this	core	pos:determiner	was tagged pos:function-word instead of pos:determiner despite carrying a determiner grammar: tag
dt2cwfu58n	ese	that	core	pos:determiner	was tagged pos:function-word instead of pos:determiner despite carrying a determiner grammar: tag
19ebbd6l4z	esa	that	core	pos:determiner	was tagged pos:function-word instead of pos:determiner despite carrying a determiner grammar: tag
fwytkxeon9	¿cuál [sustantivo]?	which [noun]?	reference	pos:determiner	was tagged pos:function-word instead of pos:determiner despite carrying a determiner grammar: tag
u7zp2lujp0	los	the	core	pos:determiner	was tagged pos:function-word instead of pos:determiner despite carrying a determiner grammar: tag
qdyg6idr5p	la	the	core	pos:determiner	was tagged pos:function-word instead of pos:determiner despite carrying a determiner grammar: tag
4j1nc0c9o9	las	the	core	pos:determiner	was tagged pos:function-word instead of pos:determiner despite carrying a determiner grammar: tag
foy4696l7r	el	the	core	pos:determiner	was tagged pos:function-word instead of pos:determiner despite carrying a determiner grammar: tag
cwuhjz9zei	qué [sustantivo] (exclamativo)	what a [noun]	supporting	pos:determiner	exclamative use of qué before a noun (¡Qué + noun!) functions as a determiner; carries topic:determiner already but lacked pos:determiner
