9o6a4s1b8r	en:order	stray en:order tag on the ordinal-number series — not a sense of the verb/noun "order", already classified under topic:date
b873sqi6dn	en:order	stray en:order tag on the ordinal-number series — not a sense of the verb/noun "order", already classified under topic:date
tjcqfkkqiu	en:order	stray en:order tag on the ordinal-number series — not a sense of the verb/noun "order", already classified under topic:date
wyiqfycbnf	en:order	stray en:order tag on the ordinal-number series — not a sense of the verb/noun "order", already classified under topic:date
zx0826h1su	en:order	stray en:order tag on the ordinal-number series — not a sense of the verb/noun "order", already classified under topic:date
9xwjaxx2ka	en:order	stray en:order tag on the ordinal-number series — not a sense of the verb/noun "order", already classified under topic:date
bfnuu0ozjx	en:order	stray en:order tag on the ordinal-number series — not a sense of the verb/noun "order", already classified under topic:date
t6wkqhpm57	en:order	stray en:order tag on the ordinal-number series — not a sense of the verb/noun "order", already classified under topic:date
eoj808qjm7	en:order	stray en:order tag on the ordinal-number series — not a sense of the verb/noun "order", already classified under topic:date
t4ckxs8du4	en:order	stray en:order tag on the ordinal-number series — not a sense of the verb/noun "order", already classified under topic:date
aprfxkmesv	en:order	stray en:order tag on the ordinal-number series — not a sense of the verb/noun "order", already classified under topic:date
fv9twzk5vu	en:order	stray en:order tag on the ordinal-number series — not a sense of the verb/noun "order", already classified under topic:date
oljrncfcgu	en:order	stray en:order tag on the ordinal-number series — not a sense of the verb/noun "order", already classified under topic:date
4j4cet6jrx	en:order	stray en:order tag on the ordinal-number series — not a sense of the verb/noun "order", already classified under topic:date
4d3heb4mbq	en:order	stray en:order tag on the ordinal-number series — not a sense of the verb/noun "order", already classified under topic:date
d9ku6sypzb	en:order	stray en:order tag on the ordinal-number series — not a sense of the verb/noun "order", already classified under topic:date
qy8dbta3g5	en:order	stray en:order tag on the ordinal-number series — not a sense of the verb/noun "order", already classified under topic:date
w7v1xbofeh	en:order	stray en:order tag on the ordinal-number series — not a sense of the verb/noun "order", already classified under topic:date
v8mzz6qkky	en:order	stray en:order tag on the ordinal-number series — not a sense of the verb/noun "order", already classified under topic:date
fav0tspprb	en:order	stray en:order tag on the ordinal-number series — not a sense of the verb/noun "order", already classified under topic:date
3zrpmgzhu0	en:order	stray en:order tag on the ordinal-number series — not a sense of the verb/noun "order", already classified under topic:date
qtu26s1v80	en:order	stray en:order tag on the ordinal-number series — not a sense of the verb/noun "order", already classified under topic:date
i854uf9zga	en:order	stray en:order tag on the ordinal-number series — not a sense of the verb/noun "order", already classified under topic:date
jccwif5bru	en:order	stray en:order tag on the ordinal-number series — not a sense of the verb/noun "order", already classified under topic:date
hiy3ohj2u3	en:order	stray en:order tag on the ordinal-number series — not a sense of the verb/noun "order", already classified under topic:date
k5y9psummq	en:order	stray en:order tag on the ordinal-number series — not a sense of the verb/noun "order", already classified under topic:date
kp1yf7bp6y	en:order	stray en:order tag on the ordinal-number series — not a sense of the verb/noun "order", already classified under topic:date
kpgve97xvk	en:order	stray en:order tag on the ordinal-number series — not a sense of the verb/noun "order", already classified under topic:date
myxgwcbh32	en:order	stray en:order tag on the ordinal-number series — not a sense of the verb/noun "order", already classified under topic:date
75fnqpigxy	en:order	stray en:order tag on the ordinal-number series — not a sense of the verb/noun "order", already classified under topic:date
8tpyd0qe5n	en:order	stray en:order tag on the ordinal-number series — not a sense of the verb/noun "order", already classified under topic:date
i92vaq4f3x	en:order	stray en:order tag on the ordinal-number series — not a sense of the verb/noun "order", already classified under topic:date
